timestamp,session_id,condition,task_id,trial_index,event_type,tool,item_type,n_points,notes
2026-01-19T22:49:46.189771,cc8758c8-6bd9-479f-898b-49ce96ce7e39,,,,stroke_color_change,,,,
2026-01-19T22:49:46.199981,cc8758c8-6bd9-479f-898b-49ce96ce7e39,,,,fill_color_change,,,,
2026-01-19T22:50:12.703843,cc8758c8-6bd9-479f-898b-49ce96ce7e39,H_PLUS_IA,,,test_start,,,,condition=H_PLUS_IA;3_tasks_fixed_order
2026-01-19T22:50:12.710585,cc8758c8-6bd9-479f-898b-49ce96ce7e39,H_PLUS_IA,cat,1,trial_start,,,,task=cat
2026-01-19T22:50:23.495644,cc8758c8-6bd9-479f-898b-49ce96ce7e39,H_PLUS_IA,cat,1,tool_change,RECT,,,
2026-01-19T22:50:24.067442,cc8758c8-6bd9-479f-898b-49ce96ce7e39,H_PLUS_IA,cat,1,rect_start,RECT,,,
2026-01-19T22:50:25.206446,cc8758c8-6bd9-479f-898b-49ce96ce7e39,H_PLUS_IA,cat,1,rect_end,RECT,QGraphicsRectItem,,"x=76.0,y=61.0,w=129.0,h=235.0"
2026-01-19T22:50:33.825285,cc8758c8-6bd9-479f-898b-49ce96ce7e39,H_PLUS_IA,cat,1,tool_change,ELLIPSE,,,
2026-01-19T22:50:35.602770,cc8758c8-6bd9-479f-898b-49ce96ce7e39,H_PLUS_IA,cat,1,fill_color_change,,,,
2026-01-19T22:50:36.083480,cc8758c8-6bd9-479f-898b-49ce96ce7e39,H_PLUS_IA,cat,1,ellipse_start,ELLIPSE,,,
2026-01-19T22:50:37.061395,cc8758c8-6bd9-479f-898b-49ce96ce7e39,H_PLUS_IA,cat,1,ellipse_end,ELLIPSE,QGraphicsEllipseItem,,"x=148.0,y=45.0,w=135.0,h=142.0"
2026-01-19T22:50:41.520615,cc8758c8-6bd9-479f-898b-49ce96ce7e39,H_PLUS_IA,cat,1,fill_color_change,,,,
2026-01-19T22:50:44.103987,cc8758c8-6bd9-479f-898b-49ce96ce7e39,H_PLUS_IA,cat,1,tool_change,ELLIPSE,,,
2026-01-19T22:50:44.811296,cc8758c8-6bd9-479f-898b-49ce96ce7e39,H_PLUS_IA,cat,1,ellipse_start,ELLIPSE,,,
2026-01-19T22:50:47.177343,cc8758c8-6bd9-479f-898b-49ce96ce7e39,H_PLUS_IA,cat,1,ellipse_end,ELLIPSE,QGraphicsEllipseItem,,"x=154.0,y=71.0,w=163.0,h=164.0"
2026-01-19T22:50:53.898146,cc8758c8-6bd9-479f-898b-49ce96ce7e39,H_PLUS_IA,cat,1,tool_change,ELLIPSE,,,
2026-01-19T22:50:55.323465,cc8758c8-6bd9-479f-898b-49ce96ce7e39,H_PLUS_IA,cat,1,fill_color_change,,,,
2026-01-19T22:50:57.070477,cc8758c8-6bd9-479f-898b-49ce96ce7e39,H_PLUS_IA,cat,1,ellipse_start,ELLIPSE,,,
2026-01-19T22:50:58.908249,cc8758c8-6bd9-479f-898b-49ce96ce7e39,H_PLUS_IA,cat,1,ellipse_end,ELLIPSE,QGraphicsEllipseItem,,"x=194.0,y=128.0,w=12.0,h=13.0"
2026-01-19T22:51:01.933010,cc8758c8-6bd9-479f-898b-49ce96ce7e39,H_PLUS_IA,cat,1,tool_change,SELECT,,,
2026-01-19T22:51:02.956697,cc8758c8-6bd9-479f-898b-49ce96ce7e39,H_PLUS_IA,cat,1,select_press,SELECT,QGraphicsEllipseItem,,
2026-01-19T22:51:09.434093,cc8758c8-6bd9-479f-898b-49ce96ce7e39,H_PLUS_IA,cat,1,select_press,SELECT,None,,
2026-01-19T22:51:16.725156,cc8758c8-6bd9-479f-898b-49ce96ce7e39,H_PLUS_IA,cat,1,tool_change,SELECT,,,
2026-01-19T22:51:17.367199,cc8758c8-6bd9-479f-898b-49ce96ce7e39,H_PLUS_IA,cat,1,select_press,SELECT,None,,
2026-01-19T22:51:17.795373,cc8758c8-6bd9-479f-898b-49ce96ce7e39,H_PLUS_IA,cat,1,select_press,SELECT,QGraphicsEllipseItem,,
2026-01-19T22:51:18.238719,cc8758c8-6bd9-479f-898b-49ce96ce7e39,H_PLUS_IA,cat,1,select_press,SELECT,QGraphicsEllipseItem,,
2026-01-19T22:51:19.589156,cc8758c8-6bd9-479f-898b-49ce96ce7e39,H_PLUS_IA,cat,1,item_moved,SELECT,,,
2026-01-19T22:51:19.855361,cc8758c8-6bd9-479f-898b-49ce96ce7e39,H_PLUS_IA,cat,1,select_press,SELECT,None,,
2026-01-19T22:51:24.727385,cc8758c8-6bd9-479f-898b-49ce96ce7e39,H_PLUS_IA,cat,1,select_press,SELECT,QGraphicsEllipseItem,,
2026-01-19T22:51:28.634702,cc8758c8-6bd9-479f-898b-49ce96ce7e39,H_PLUS_IA,cat,1,select_press,SELECT,QGraphicsEllipseItem,,
2026-01-19T22:51:30.849236,cc8758c8-6bd9-479f-898b-49ce96ce7e39,H_PLUS_IA,cat,1,item_moved,SELECT,,,
2026-01-19T22:51:31.358336,cc8758c8-6bd9-479f-898b-49ce96ce7e39,H_PLUS_IA,cat,1,select_press,SELECT,None,,
2026-01-19T22:51:34.775815,cc8758c8-6bd9-479f-898b-49ce96ce7e39,H_PLUS_IA,cat,1,tool_change,PEN,,,
2026-01-19T22:51:36.206274,cc8758c8-6bd9-479f-898b-49ce96ce7e39,H_PLUS_IA,cat,1,pen_start,PEN,,,
2026-01-19T22:51:43.547790,cc8758c8-6bd9-479f-898b-49ce96ce7e39,H_PLUS_IA,cat,1,pen_end,PEN,QGraphicsPathItem,175,
2026-01-19T22:51:46.259090,cc8758c8-6bd9-479f-898b-49ce96ce7e39,H_PLUS_IA,cat,1,tool_change,LINE,,,
2026-01-19T22:51:47.026454,cc8758c8-6bd9-479f-898b-49ce96ce7e39,H_PLUS_IA,cat,1,line_start,LINE,,,
2026-01-19T22:51:47.844076,cc8758c8-6bd9-479f-898b-49ce96ce7e39,H_PLUS_IA,cat,1,line_end,LINE,QGraphicsLineItem,,"(47.0,126.0)->(170.0,147.0)"
2026-01-19T22:51:48.477768,cc8758c8-6bd9-479f-898b-49ce96ce7e39,H_PLUS_IA,cat,1,line_start,LINE,,,
2026-01-19T22:51:49.377912,cc8758c8-6bd9-479f-898b-49ce96ce7e39,H_PLUS_IA,cat,1,line_end,LINE,QGraphicsLineItem,,"(60.0,172.0)->(168.0,170.0)"
2026-01-19T22:51:49.952314,cc8758c8-6bd9-479f-898b-49ce96ce7e39,H_PLUS_IA,cat,1,line_start,LINE,,,
2026-01-19T22:51:50.682238,cc8758c8-6bd9-479f-898b-49ce96ce7e39,H_PLUS_IA,cat,1,line_end,LINE,QGraphicsLineItem,,"(73.0,237.0)->(168.0,187.0)"
2026-01-19T22:51:51.856261,cc8758c8-6bd9-479f-898b-49ce96ce7e39,H_PLUS_IA,cat,1,line_start,LINE,,,
2026-01-19T22:51:52.498894,cc8758c8-6bd9-479f-898b-49ce96ce7e39,H_PLUS_IA,cat,1,line_end,LINE,QGraphicsLineItem,,"(296.0,149.0)->(400.0,114.0)"
2026-01-19T22:51:53.145263,cc8758c8-6bd9-479f-898b-49ce96ce7e39,H_PLUS_IA,cat,1,line_start,LINE,,,
2026-01-19T22:51:53.795260,cc8758c8-6bd9-479f-898b-49ce96ce7e39,H_PLUS_IA,cat,1,line_end,LINE,QGraphicsLineItem,,"(304.0,161.0)->(422.0,162.0)"
2026-01-19T22:51:54.771278,cc8758c8-6bd9-479f-898b-49ce96ce7e39,H_PLUS_IA,cat,1,line_start,LINE,,,
2026-01-19T22:51:55.648131,cc8758c8-6bd9-479f-898b-49ce96ce7e39,H_PLUS_IA,cat,1,line_end,LINE,QGraphicsLineItem,,"(298.0,181.0)->(420.0,214.0)"
2026-01-19T22:51:58.185280,cc8758c8-6bd9-479f-898b-49ce96ce7e39,H_PLUS_IA,cat,1,invoke_help,ASSISTANT,,,
2026-01-19T22:51:58.185786,cc8758c8-6bd9-479f-898b-49ce96ce7e39,H_PLUS_IA,cat,1,ai_output,ASSISTANT,,,shown:manual:CAT_EARS
2026-01-19T22:52:06.928668,cc8758c8-6bd9-479f-898b-49ce96ce7e39,H_PLUS_IA,cat,1,user_action,ASSISTANT,,,override:manual:CAT_EARS:ms=8742
2026-01-19T22:52:09.993083,cc8758c8-6bd9-479f-898b-49ce96ce7e39,H_PLUS_IA,cat,1,tool_change,TRIANGLE,,,
2026-01-19T22:52:11.909418,cc8758c8-6bd9-479f-898b-49ce96ce7e39,H_PLUS_IA,cat,1,triangle_start,TRIANGLE,,,
2026-01-19T22:52:12.800165,cc8758c8-6bd9-479f-898b-49ce96ce7e39,H_PLUS_IA,cat,1,triangle_end,TRIANGLE,QGraphicsPolygonItem,,n_points=3
2026-01-19T22:52:20.165912,cc8758c8-6bd9-479f-898b-49ce96ce7e39,H_PLUS_IA,cat,1,tool_change,ERASER,,,
2026-01-19T22:52:21.099453,cc8758c8-6bd9-479f-898b-49ce96ce7e39,H_PLUS_IA,cat,1,erase,ERASER,QGraphicsPolygonItem,,
2026-01-19T22:52:24.664094,cc8758c8-6bd9-479f-898b-49ce96ce7e39,H_PLUS_IA,cat,1,tool_change,TRIANGLE,,,
2026-01-19T22:52:26.401949,cc8758c8-6bd9-479f-898b-49ce96ce7e39,H_PLUS_IA,cat,1,tool_change,TRIANGLE,,,
2026-01-19T22:52:29.423284,cc8758c8-6bd9-479f-898b-49ce96ce7e39,H_PLUS_IA,cat,1,fill_color_change,,,,
2026-01-19T22:52:30.675292,cc8758c8-6bd9-479f-898b-49ce96ce7e39,H_PLUS_IA,cat,1,triangle_start,TRIANGLE,,,
2026-01-19T22:52:32.043034,cc8758c8-6bd9-479f-898b-49ce96ce7e39,H_PLUS_IA,cat,1,triangle_end,TRIANGLE,QGraphicsPolygonItem,,n_points=3
2026-01-19T22:52:34.808052,cc8758c8-6bd9-479f-898b-49ce96ce7e39,H_PLUS_IA,cat,1,tool_change,SELECT,,,
2026-01-19T22:52:35.484233,cc8758c8-6bd9-479f-898b-49ce96ce7e39,H_PLUS_IA,cat,1,select_press,SELECT,None,,
2026-01-19T22:52:35.726088,cc8758c8-6bd9-479f-898b-49ce96ce7e39,H_PLUS_IA,cat,1,item_moved,SELECT,,,
2026-01-19T22:52:36.011510,cc8758c8-6bd9-479f-898b-49ce96ce7e39,H_PLUS_IA,cat,1,select_press,SELECT,QGraphicsPolygonItem,,
2026-01-19T22:52:39.451103,cc8758c8-6bd9-479f-898b-49ce96ce7e39,H_PLUS_IA,cat,1,item_moved,SELECT,,,
2026-01-19T22:52:45.604308,cc8758c8-6bd9-479f-898b-49ce96ce7e39,H_PLUS_IA,cat,1,select_press,SELECT,QGraphicsPolygonItem,,
2026-01-19T22:52:47.403326,cc8758c8-6bd9-479f-898b-49ce96ce7e39,H_PLUS_IA,cat,1,item_moved,SELECT,,,
2026-01-19T22:52:48.238885,cc8758c8-6bd9-479f-898b-49ce96ce7e39,H_PLUS_IA,cat,1,select_press,SELECT,None,,
2026-01-19T22:52:51.129573,cc8758c8-6bd9-479f-898b-49ce96ce7e39,H_PLUS_IA,cat,1,done_clicked,,,,
2026-01-19T22:52:51.130059,cc8758c8-6bd9-479f-898b-49ce96ce7e39,H_PLUS_IA,cat,1,trial_end,,,,duration_s=158.419
2026-01-19T22:53:11.658897,cc8758c8-6bd9-479f-898b-49ce96ce7e39,H_PLUS_IA,cat,1,self_eval,TEST,,,similarity=0.600
2026-01-19T22:53:11.666712,cc8758c8-6bd9-479f-898b-49ce96ce7e39,H_PLUS_IA,castle,2,trial_start,,,,task=castle
2026-01-19T22:53:27.530021,cc8758c8-6bd9-479f-898b-49ce96ce7e39,H_PLUS_IA,castle,2,fill_color_change,,,,
2026-01-19T22:53:31.457249,cc8758c8-6bd9-479f-898b-49ce96ce7e39,H_PLUS_IA,castle,2,select_press,SELECT,None,,
2026-01-19T22:53:32.527049,cc8758c8-6bd9-479f-898b-49ce96ce7e39,H_PLUS_IA,castle,2,item_moved,SELECT,,,
2026-01-19T22:53:35.697955,cc8758c8-6bd9-479f-898b-49ce96ce7e39,H_PLUS_IA,castle,2,tool_change,RECT,,,
2026-01-19T22:53:36.298006,cc8758c8-6bd9-479f-898b-49ce96ce7e39,H_PLUS_IA,castle,2,rect_start,RECT,,,
2026-01-19T22:53:38.153160,cc8758c8-6bd9-479f-898b-49ce96ce7e39,H_PLUS_IA,castle,2,rect_end,RECT,QGraphicsRectItem,,"x=414.0,y=153.0,w=248.0,h=270.0"
2026-01-19T22:53:42.355465,cc8758c8-6bd9-479f-898b-49ce96ce7e39,H_PLUS_IA,castle,2,rect_start,RECT,,,
2026-01-19T22:53:48.648987,cc8758c8-6bd9-479f-898b-49ce96ce7e39,H_PLUS_IA,castle,2,rect_end,RECT,QGraphicsRectItem,,"x=289.0,y=71.0,w=125.0,h=352.0"
2026-01-19T22:53:53.822612,cc8758c8-6bd9-479f-898b-49ce96ce7e39,H_PLUS_IA,castle,2,rect_start,RECT,,,
2026-01-19T22:53:57.240982,cc8758c8-6bd9-479f-898b-49ce96ce7e39,H_PLUS_IA,castle,2,rect_end,RECT,QGraphicsRectItem,,"x=657.0,y=51.0,w=143.0,h=375.0"
2026-01-19T22:54:09.214585,cc8758c8-6bd9-479f-898b-49ce96ce7e39,H_PLUS_IA,castle,2,rect_start,RECT,,,
2026-01-19T22:54:11.246083,cc8758c8-6bd9-479f-898b-49ce96ce7e39,H_PLUS_IA,castle,2,rect_end,RECT,QGraphicsRectItem,,"x=659.0,y=66.0,w=154.0,h=352.0"
2026-01-19T22:54:13.475959,cc8758c8-6bd9-479f-898b-49ce96ce7e39,H_PLUS_IA,castle,2,tool_change,SELECT,,,
2026-01-19T22:54:13.844812,cc8758c8-6bd9-479f-898b-49ce96ce7e39,H_PLUS_IA,castle,2,select_press,SELECT,QGraphicsRectItem,,
2026-01-19T22:54:13.909983,cc8758c8-6bd9-479f-898b-49ce96ce7e39,H_PLUS_IA,castle,2,item_moved,SELECT,,,
2026-01-19T22:54:18.659364,cc8758c8-6bd9-479f-898b-49ce96ce7e39,H_PLUS_IA,castle,2,select_press,SELECT,QGraphicsRectItem,,
2026-01-19T22:54:20.672994,cc8758c8-6bd9-479f-898b-49ce96ce7e39,H_PLUS_IA,castle,2,item_moved,SELECT,,,
2026-01-19T22:54:21.069126,cc8758c8-6bd9-479f-898b-49ce96ce7e39,H_PLUS_IA,castle,2,select_press,SELECT,None,,
2026-01-19T22:54:24.435155,cc8758c8-6bd9-479f-898b-49ce96ce7e39,H_PLUS_IA,castle,2,invoke_help,ASSISTANT,,,
2026-01-19T22:54:24.435677,cc8758c8-6bd9-479f-898b-49ce96ce7e39,H_PLUS_IA,castle,2,ai_output,ASSISTANT,,,shown:manual:ROOF_TRIANGLE
2026-01-19T22:54:28.816813,cc8758c8-6bd9-479f-898b-49ce96ce7e39,H_PLUS_IA,castle,2,user_action,ASSISTANT,,,accept:manual:ROOF_TRIANGLE:ms=4381
2026-01-19T22:54:30.616762,cc8758c8-6bd9-479f-898b-49ce96ce7e39,H_PLUS_IA,castle,2,tool_change,SELECT,,,
2026-01-19T22:54:31.193078,cc8758c8-6bd9-479f-898b-49ce96ce7e39,H_PLUS_IA,castle,2,select_press,SELECT,None,,
2026-01-19T22:54:31.721937,cc8758c8-6bd9-479f-898b-49ce96ce7e39,H_PLUS_IA,castle,2,item_moved,SELECT,,,
2026-01-19T22:54:34.941242,cc8758c8-6bd9-479f-898b-49ce96ce7e39,H_PLUS_IA,castle,2,select_press,SELECT,QGraphicsPolygonItem,,
2026-01-19T22:54:37.323994,cc8758c8-6bd9-479f-898b-49ce96ce7e39,H_PLUS_IA,castle,2,item_moved,SELECT,,,
2026-01-19T22:54:37.864940,cc8758c8-6bd9-479f-898b-49ce96ce7e39,H_PLUS_IA,castle,2,select_press,SELECT,None,,
2026-01-19T22:54:52.785987,cc8758c8-6bd9-479f-898b-49ce96ce7e39,H_PLUS_IA,castle,2,gen_add,GEN,,,Porte:porte_arrondie|prompt=
2026-01-19T22:54:56.175280,cc8758c8-6bd9-479f-898b-49ce96ce7e39,H_PLUS_IA,castle,2,select_press,SELECT,QGraphicsRectItem,,
2026-01-19T22:54:56.657982,cc8758c8-6bd9-479f-898b-49ce96ce7e39,H_PLUS_IA,castle,2,item_moved,SELECT,,,
2026-01-19T22:55:04.359093,cc8758c8-6bd9-479f-898b-49ce96ce7e39,H_PLUS_IA,castle,2,select_press,SELECT,QGraphicsEllipseItem,,
2026-01-19T22:55:08.402805,cc8758c8-6bd9-479f-898b-49ce96ce7e39,H_PLUS_IA,castle,2,select_press,SELECT,None,,
2026-01-19T22:55:12.910808,cc8758c8-6bd9-479f-898b-49ce96ce7e39,H_PLUS_IA,castle,2,tool_change,SELECT,,,
2026-01-19T22:55:13.605071,cc8758c8-6bd9-479f-898b-49ce96ce7e39,H_PLUS_IA,castle,2,select_press,SELECT,None,,
2026-01-19T22:55:14.039669,cc8758c8-6bd9-479f-898b-49ce96ce7e39,H_PLUS_IA,castle,2,item_moved,SELECT,,,
2026-01-19T22:55:14.773923,cc8758c8-6bd9-479f-898b-49ce96ce7e39,H_PLUS_IA,castle,2,select_press,SELECT,None,,
2026-01-19T22:55:15.165342,cc8758c8-6bd9-479f-898b-49ce96ce7e39,H_PLUS_IA,castle,2,item_moved,SELECT,,,
2026-01-19T22:55:16.847581,cc8758c8-6bd9-479f-898b-49ce96ce7e39,H_PLUS_IA,castle,2,select_press,SELECT,QGraphicsRectItem,,
2026-01-19T22:55:19.407931,cc8758c8-6bd9-479f-898b-49ce96ce7e39,H_PLUS_IA,castle,2,item_moved,SELECT,,,
2026-01-19T22:55:19.740427,cc8758c8-6bd9-479f-898b-49ce96ce7e39,H_PLUS_IA,castle,2,select_press,SELECT,None,,
2026-01-19T22:55:29.224807,cc8758c8-6bd9-479f-898b-49ce96ce7e39,H_PLUS_IA,castle,2,done_clicked,,,,
2026-01-19T22:55:29.225225,cc8758c8-6bd9-479f-898b-49ce96ce7e39,H_PLUS_IA,castle,2,trial_end,,,,duration_s=137.558
2026-01-19T22:55:40.288075,cc8758c8-6bd9-479f-898b-49ce96ce7e39,H_PLUS_IA,castle,2,self_eval,TEST,,,similarity=0.800
2026-01-19T22:55:40.291808,cc8758c8-6bd9-479f-898b-49ce96ce7e39,H_PLUS_IA,car,3,trial_start,,,,task=car
2026-01-19T22:55:52.864621,cc8758c8-6bd9-479f-898b-49ce96ce7e39,H_PLUS_IA,car,3,tool_change,ELLIPSE,,,
2026-01-19T22:55:53.779092,cc8758c8-6bd9-479f-898b-49ce96ce7e39,H_PLUS_IA,car,3,fill_color_change,,,,
2026-01-19T22:55:55.719458,cc8758c8-6bd9-479f-898b-49ce96ce7e39,H_PLUS_IA,car,3,stroke_color_change,,,,
2026-01-19T22:55:56.282084,cc8758c8-6bd9-479f-898b-49ce96ce7e39,H_PLUS_IA,car,3,ellipse_start,ELLIPSE,,,
2026-01-19T22:55:57.918943,cc8758c8-6bd9-479f-898b-49ce96ce7e39,H_PLUS_IA,car,3,ellipse_end,ELLIPSE,QGraphicsEllipseItem,,"x=77.0,y=221.0,w=208.0,h=95.0"
2026-01-19T22:55:59.868564,cc8758c8-6bd9-479f-898b-49ce96ce7e39,H_PLUS_IA,car,3,ellipse_start,ELLIPSE,,,
2026-01-19T22:56:01.436985,cc8758c8-6bd9-479f-898b-49ce96ce7e39,H_PLUS_IA,car,3,ellipse_end,ELLIPSE,QGraphicsEllipseItem,,"x=246.0,y=166.0,w=376.0,h=179.0"
2026-01-19T22:56:02.932839,cc8758c8-6bd9-479f-898b-49ce96ce7e39,H_PLUS_IA,car,3,tool_change,RECT,,,
2026-01-19T22:56:10.304771,cc8758c8-6bd9-479f-898b-49ce96ce7e39,H_PLUS_IA,car,3,stroke_color_change,,,,
2026-01-19T22:56:12.371090,cc8758c8-6bd9-479f-898b-49ce96ce7e39,H_PLUS_IA,car,3,rect_start,RECT,,,
2026-01-19T22:56:13.263838,cc8758c8-6bd9-479f-898b-49ce96ce7e39,H_PLUS_IA,car,3,rect_end,RECT,QGraphicsRectItem,,"x=44.0,y=259.0,w=604.0,h=145.0"
2026-01-19T22:56:25.785665,cc8758c8-6bd9-479f-898b-49ce96ce7e39,H_PLUS_IA,car,3,fill_color_change,,,,
2026-01-19T22:56:27.143831,cc8758c8-6bd9-479f-898b-49ce96ce7e39,H_PLUS_IA,car,3,rect_start,RECT,,,
2026-01-19T22:56:29.369926,cc8758c8-6bd9-479f-898b-49ce96ce7e39,H_PLUS_IA,car,3,rect_end,RECT,QGraphicsRectItem,,"x=60.0,y=258.0,w=567.0,h=93.0"
2026-01-19T22:56:40.824290,cc8758c8-6bd9-479f-898b-49ce96ce7e39,H_PLUS_IA,car,3,gen_add,GEN,,,Roue:jante_foncee|prompt=
2026-01-19T22:56:41.752013,cc8758c8-6bd9-479f-898b-49ce96ce7e39,H_PLUS_IA,car,3,rect_start,RECT,,,
2026-01-19T22:56:42.209877,cc8758c8-6bd9-479f-898b-49ce96ce7e39,H_PLUS_IA,car,3,rect_end,RECT,QGraphicsRectItem,,"x=1161.0,y=560.0,w=105.0,h=50.0"
2026-01-19T22:56:45.874816,cc8758c8-6bd9-479f-898b-49ce96ce7e39,H_PLUS_IA,car,3,tool_change,SELECT,,,
2026-01-19T22:56:47.992969,cc8758c8-6bd9-479f-898b-49ce96ce7e39,H_PLUS_IA,car,3,select_press,SELECT,QGraphicsLineItem,,
2026-01-19T22:56:48.411838,cc8758c8-6bd9-479f-898b-49ce96ce7e39,H_PLUS_IA,car,3,item_moved,SELECT,,,
2026-01-19T22:56:51.117387,cc8758c8-6bd9-479f-898b-49ce96ce7e39,H_PLUS_IA,car,3,select_press,SELECT,None,,
2026-01-19T22:56:52.848461,cc8758c8-6bd9-479f-898b-49ce96ce7e39,H_PLUS_IA,car,3,select_press,SELECT,None,,
2026-01-19T22:56:53.171702,cc8758c8-6bd9-479f-898b-49ce96ce7e39,H_PLUS_IA,car,3,item_moved,SELECT,,,
2026-01-19T22:56:53.563746,cc8758c8-6bd9-479f-898b-49ce96ce7e39,H_PLUS_IA,car,3,select_press,SELECT,QGraphicsLineItem,,
2026-01-19T22:56:57.227734,cc8758c8-6bd9-479f-898b-49ce96ce7e39,H_PLUS_IA,car,3,item_moved,SELECT,,,
2026-01-19T22:56:59.058784,cc8758c8-6bd9-479f-898b-49ce96ce7e39,H_PLUS_IA,car,3,gen_add,GEN,,,Roue:jante_foncee|prompt=
2026-01-19T22:56:59.749349,cc8758c8-6bd9-479f-898b-49ce96ce7e39,H_PLUS_IA,car,3,select_press,SELECT,None,,
2026-01-19T22:57:00.118910,cc8758c8-6bd9-479f-898b-49ce96ce7e39,H_PLUS_IA,car,3,item_moved,SELECT,,,
2026-01-19T22:57:00.538800,cc8758c8-6bd9-479f-898b-49ce96ce7e39,H_PLUS_IA,car,3,select_press,SELECT,QGraphicsEllipseItem,,
2026-01-19T22:57:03.452856,cc8758c8-6bd9-479f-898b-49ce96ce7e39,H_PLUS_IA,car,3,item_moved,SELECT,,,
2026-01-19T22:57:03.736667,cc8758c8-6bd9-479f-898b-49ce96ce7e39,H_PLUS_IA,car,3,select_press,SELECT,None,,
2026-01-19T22:57:20.705563,cc8758c8-6bd9-479f-898b-49ce96ce7e39,H_PLUS_IA,car,3,gen_add,GEN,,,Roue:jante_claire|prompt=
2026-01-19T22:57:21.709339,cc8758c8-6bd9-479f-898b-49ce96ce7e39,H_PLUS_IA,car,3,select_press,SELECT,None,,
2026-01-19T22:57:22.216452,cc8758c8-6bd9-479f-898b-49ce96ce7e39,H_PLUS_IA,car,3,item_moved,SELECT,,,
2026-01-19T22:57:22.488215,cc8758c8-6bd9-479f-898b-49ce96ce7e39,H_PLUS_IA,car,3,select_press,SELECT,QGraphicsEllipseItem,,
2026-01-19T22:57:23.762829,cc8758c8-6bd9-479f-898b-49ce96ce7e39,H_PLUS_IA,car,3,item_moved,SELECT,,,
2026-01-19T22:57:25.559530,cc8758c8-6bd9-479f-898b-49ce96ce7e39,H_PLUS_IA,car,3,select_press,SELECT,QGraphicsLineItem,,
2026-01-19T22:57:26.936789,cc8758c8-6bd9-479f-898b-49ce96ce7e39,H_PLUS_IA,car,3,item_moved,SELECT,,,
2026-01-19T22:57:27.157927,cc8758c8-6bd9-479f-898b-49ce96ce7e39,H_PLUS_IA,car,3,select_press,SELECT,None,,
2026-01-19T22:57:34.733345,cc8758c8-6bd9-479f-898b-49ce96ce7e39,H_PLUS_IA,car,3,done_clicked,,,,
2026-01-19T22:57:34.733738,cc8758c8-6bd9-479f-898b-49ce96ce7e39,H_PLUS_IA,car,3,trial_end,,,,duration_s=114.442
2026-01-19T22:57:42.223284,cc8758c8-6bd9-479f-898b-49ce96ce7e39,H_PLUS_IA,car,3,self_eval,TEST,,,similarity=0.800
2026-01-19T22:57:42.225109,cc8758c8-6bd9-479f-898b-49ce96ce7e39,H_PLUS_IA,car,3,test_end,,,,completed
2026-01-19T23:08:40.686613,174125af-8789-43c9-9c88-41f164004e5c,,,,stroke_color_change,,,,
2026-01-19T23:08:40.694537,174125af-8789-43c9-9c88-41f164004e5c,,,,fill_color_change,,,,
2026-01-19T23:08:55.564889,174125af-8789-43c9-9c88-41f164004e5c,H_ONLY,,,test_start,,,,condition=H_ONLY;3_tasks_fixed_order
2026-01-19T23:08:55.565510,174125af-8789-43c9-9c88-41f164004e5c,H_ONLY,,,assistant_auto_toggle,,,,False
2026-01-19T23:08:55.566052,174125af-8789-43c9-9c88-41f164004e5c,H_ONLY,,,assistant_floating_toggle,,,,False
2026-01-19T23:08:55.566614,174125af-8789-43c9-9c88-41f164004e5c,H_ONLY,,,assistant_auto_toggle,,,,False
2026-01-19T23:08:55.567025,174125af-8789-43c9-9c88-41f164004e5c,H_ONLY,,,assistant_floating_toggle,,,,False
2026-01-19T23:08:55.583628,174125af-8789-43c9-9c88-41f164004e5c,H_ONLY,cat,1,trial_start,,,,task=cat
2026-01-19T23:09:17.089153,174125af-8789-43c9-9c88-41f164004e5c,H_ONLY,cat,1,tool_change,ELLIPSE,,,
2026-01-19T23:09:20.170502,174125af-8789-43c9-9c88-41f164004e5c,H_ONLY,cat,1,ellipse_start,ELLIPSE,,,
2026-01-19T23:09:22.008271,174125af-8789-43c9-9c88-41f164004e5c,H_ONLY,cat,1,ellipse_end,ELLIPSE,QGraphicsEllipseItem,,"x=284.0,y=240.0,w=129.0,h=123.0"
2026-01-19T23:09:23.132332,174125af-8789-43c9-9c88-41f164004e5c,H_ONLY,cat,1,tool_change,ELLIPSE,,,
2026-01-19T23:09:27.567973,174125af-8789-43c9-9c88-41f164004e5c,H_ONLY,cat,1,fill_color_change,,,,
2026-01-19T23:09:28.544258,174125af-8789-43c9-9c88-41f164004e5c,H_ONLY,cat,1,ellipse_start,ELLIPSE,,,
2026-01-19T23:09:30.162518,174125af-8789-43c9-9c88-41f164004e5c,H_ONLY,cat,1,ellipse_end,ELLIPSE,QGraphicsEllipseItem,,"x=320.0,y=281.0,w=10.0,h=11.0"
2026-01-19T23:09:32.897229,174125af-8789-43c9-9c88-41f164004e5c,H_ONLY,cat,1,tool_change,SELECT,,,
2026-01-19T23:09:33.673592,174125af-8789-43c9-9c88-41f164004e5c,H_ONLY,cat,1,select_press,SELECT,QGraphicsEllipseItem,,
2026-01-19T23:09:35.442637,174125af-8789-43c9-9c88-41f164004e5c,H_ONLY,cat,1,select_press,SELECT,QGraphicsEllipseItem,,
2026-01-19T23:09:37.843386,174125af-8789-43c9-9c88-41f164004e5c,H_ONLY,cat,1,item_moved,SELECT,,,
2026-01-19T23:09:38.279567,174125af-8789-43c9-9c88-41f164004e5c,H_ONLY,cat,1,select_press,SELECT,None,,
2026-01-19T23:09:40.450158,174125af-8789-43c9-9c88-41f164004e5c,H_ONLY,cat,1,tool_change,LINE,,,
2026-01-19T23:09:41.499233,174125af-8789-43c9-9c88-41f164004e5c,H_ONLY,cat,1,line_start,LINE,,,
2026-01-19T23:09:42.167332,174125af-8789-43c9-9c88-41f164004e5c,H_ONLY,cat,1,line_end,LINE,QGraphicsLineItem,,"(203.0,257.0)->(306.0,291.0)"
2026-01-19T23:09:42.673308,174125af-8789-43c9-9c88-41f164004e5c,H_ONLY,cat,1,line_start,LINE,,,
2026-01-19T23:09:43.365485,174125af-8789-43c9-9c88-41f164004e5c,H_ONLY,cat,1,line_end,LINE,QGraphicsLineItem,,"(197.0,303.0)->(299.0,308.0)"
2026-01-19T23:09:43.967044,174125af-8789-43c9-9c88-41f164004e5c,H_ONLY,cat,1,line_start,LINE,,,
2026-01-19T23:09:44.650430,174125af-8789-43c9-9c88-41f164004e5c,H_ONLY,cat,1,line_end,LINE,QGraphicsLineItem,,"(204.0,347.0)->(301.0,319.0)"
2026-01-19T23:09:45.414041,174125af-8789-43c9-9c88-41f164004e5c,H_ONLY,cat,1,line_start,LINE,,,
2026-01-19T23:09:45.766474,174125af-8789-43c9-9c88-41f164004e5c,H_ONLY,cat,1,line_end,LINE,QGraphicsLineItem,,"(398.0,290.0)->(494.0,251.0)"
2026-01-19T23:09:46.335251,174125af-8789-43c9-9c88-41f164004e5c,H_ONLY,cat,1,line_start,LINE,,,
2026-01-19T23:09:46.898465,174125af-8789-43c9-9c88-41f164004e5c,H_ONLY,cat,1,line_end,LINE,QGraphicsLineItem,,"(398.0,308.0)->(506.0,308.0)"
2026-01-19T23:09:47.494210,174125af-8789-43c9-9c88-41f164004e5c,H_ONLY,cat,1,line_start,LINE,,,
2026-01-19T23:09:48.475442,174125af-8789-43c9-9c88-41f164004e5c,H_ONLY,cat,1,line_end,LINE,QGraphicsLineItem,,"(398.0,324.0)->(503.0,350.0)"
2026-01-19T23:09:50.008625,174125af-8789-43c9-9c88-41f164004e5c,H_ONLY,cat,1,tool_change,PEN,,,
2026-01-19T23:09:52.686600,174125af-8789-43c9-9c88-41f164004e5c,H_ONLY,cat,1,pen_start,PEN,,,
2026-01-19T23:09:56.439397,174125af-8789-43c9-9c88-41f164004e5c,H_ONLY,cat,1,pen_end,PEN,QGraphicsPathItem,118,
2026-01-19T23:10:18.214299,174125af-8789-43c9-9c88-41f164004e5c,H_ONLY,cat,1,tool_change,TRIANGLE,,,
2026-01-19T23:10:19.140572,174125af-8789-43c9-9c88-41f164004e5c,H_ONLY,cat,1,triangle_start,TRIANGLE,,,
2026-01-19T23:10:20.046486,174125af-8789-43c9-9c88-41f164004e5c,H_ONLY,cat,1,triangle_end,TRIANGLE,QGraphicsPolygonItem,,n_points=3
2026-01-19T23:10:37.829783,174125af-8789-43c9-9c88-41f164004e5c,H_ONLY,cat,1,fill_color_change,,,,
2026-01-19T23:10:40.829297,174125af-8789-43c9-9c88-41f164004e5c,H_ONLY,cat,1,tool_change,TRIANGLE,,,
2026-01-19T23:10:41.490511,174125af-8789-43c9-9c88-41f164004e5c,H_ONLY,cat,1,triangle_start,TRIANGLE,,,
2026-01-19T23:10:42.918496,174125af-8789-43c9-9c88-41f164004e5c,H_ONLY,cat,1,triangle_end,TRIANGLE,QGraphicsPolygonItem,,n_points=3
2026-01-19T23:10:43.687094,174125af-8789-43c9-9c88-41f164004e5c,H_ONLY,cat,1,triangle_start,TRIANGLE,,,
2026-01-19T23:10:44.622637,174125af-8789-43c9-9c88-41f164004e5c,H_ONLY,cat,1,triangle_end,TRIANGLE,QGraphicsPolygonItem,,n_points=3
2026-01-19T23:10:49.456155,174125af-8789-43c9-9c88-41f164004e5c,H_ONLY,cat,1,tool_change,SELECT,,,
2026-01-19T23:10:50.013359,174125af-8789-43c9-9c88-41f164004e5c,H_ONLY,cat,1,select_press,SELECT,None,,
2026-01-19T23:10:50.229418,174125af-8789-43c9-9c88-41f164004e5c,H_ONLY,cat,1,item_moved,SELECT,,,
2026-01-19T23:10:56.684316,174125af-8789-43c9-9c88-41f164004e5c,H_ONLY,cat,1,tool_change,ERASER,,,
2026-01-19T23:10:57.400548,174125af-8789-43c9-9c88-41f164004e5c,H_ONLY,cat,1,erase,ERASER,QGraphicsPolygonItem,,
2026-01-19T23:10:57.908226,174125af-8789-43c9-9c88-41f164004e5c,H_ONLY,cat,1,erase,ERASER,QGraphicsPolygonItem,,
2026-01-19T23:10:59.121333,174125af-8789-43c9-9c88-41f164004e5c,H_ONLY,cat,1,tool_change,LINE,,,
2026-01-19T23:11:00.147352,174125af-8789-43c9-9c88-41f164004e5c,H_ONLY,cat,1,line_start,LINE,,,
2026-01-19T23:11:00.983455,174125af-8789-43c9-9c88-41f164004e5c,H_ONLY,cat,1,line_end,LINE,QGraphicsLineItem,,"(301.0,246.0)->(329.0,230.0)"
2026-01-19T23:11:01.738798,174125af-8789-43c9-9c88-41f164004e5c,H_ONLY,cat,1,line_start,LINE,,,
2026-01-19T23:11:02.171620,174125af-8789-43c9-9c88-41f164004e5c,H_ONLY,cat,1,line_end,LINE,QGraphicsLineItem,,"(303.0,242.0)->(296.0,174.0)"
2026-01-19T23:11:02.700585,174125af-8789-43c9-9c88-41f164004e5c,H_ONLY,cat,1,line_start,LINE,,,
2026-01-19T23:11:03.336405,174125af-8789-43c9-9c88-41f164004e5c,H_ONLY,cat,1,line_end,LINE,QGraphicsLineItem,,"(295.0,171.0)->(327.0,224.0)"
2026-01-19T23:11:04.152696,174125af-8789-43c9-9c88-41f164004e5c,H_ONLY,cat,1,line_start,LINE,,,
2026-01-19T23:11:04.551485,174125af-8789-43c9-9c88-41f164004e5c,H_ONLY,cat,1,line_end,LINE,QGraphicsLineItem,,"(378.0,235.0)->(403.0,253.0)"
2026-01-19T23:11:04.910242,174125af-8789-43c9-9c88-41f164004e5c,H_ONLY,cat,1,line_start,LINE,,,
2026-01-19T23:11:05.383439,174125af-8789-43c9-9c88-41f164004e5c,H_ONLY,cat,1,line_end,LINE,QGraphicsLineItem,,"(376.0,234.0)->(406.0,177.0)"
2026-01-19T23:11:05.561269,174125af-8789-43c9-9c88-41f164004e5c,H_ONLY,cat,1,line_start,LINE,,,
2026-01-19T23:11:06.559330,174125af-8789-43c9-9c88-41f164004e5c,H_ONLY,cat,1,line_end,LINE,QGraphicsLineItem,,"(405.0,180.0)->(404.0,248.0)"
2026-01-19T23:11:11.550122,174125af-8789-43c9-9c88-41f164004e5c,H_ONLY,cat,1,done_clicked,,,,
2026-01-19T23:11:11.550663,174125af-8789-43c9-9c88-41f164004e5c,H_ONLY,cat,1,trial_end,,,,duration_s=135.967
2026-01-19T23:11:27.754205,174125af-8789-43c9-9c88-41f164004e5c,H_ONLY,cat,1,self_eval,TEST,,,similarity=0.650
2026-01-19T23:11:27.786769,174125af-8789-43c9-9c88-41f164004e5c,H_ONLY,castle,2,trial_start,,,,task=castle
2026-01-19T23:11:29.763103,174125af-8789-43c9-9c88-41f164004e5c,H_ONLY,castle,2,tool_change,ELLIPSE,,,
2026-01-19T23:11:30.614678,174125af-8789-43c9-9c88-41f164004e5c,H_ONLY,castle,2,stroke_color_change,,,,
2026-01-19T23:11:36.430034,174125af-8789-43c9-9c88-41f164004e5c,H_ONLY,castle,2,fill_color_change,,,,
2026-01-19T23:11:37.018870,174125af-8789-43c9-9c88-41f164004e5c,H_ONLY,castle,2,ellipse_start,ELLIPSE,,,
2026-01-19T23:11:37.868454,174125af-8789-43c9-9c88-41f164004e5c,H_ONLY,castle,2,ellipse_end,ELLIPSE,QGraphicsEllipseItem,,"x=181.0,y=89.0,w=120.0,h=247.0"
2026-01-19T23:11:40.469122,174125af-8789-43c9-9c88-41f164004e5c,H_ONLY,castle,2,tool_change,RECT,,,
2026-01-19T23:11:40.907066,174125af-8789-43c9-9c88-41f164004e5c,H_ONLY,castle,2,rect_start,RECT,,,
2026-01-19T23:11:41.713444,174125af-8789-43c9-9c88-41f164004e5c,H_ONLY,castle,2,rect_end,RECT,QGraphicsRectItem,,"x=163.0,y=118.0,w=134.0,h=265.0"
2026-01-19T23:11:48.668711,174125af-8789-43c9-9c88-41f164004e5c,H_ONLY,castle,2,tool_change,ERASER,,,
2026-01-19T23:11:48.853903,174125af-8789-43c9-9c88-41f164004e5c,H_ONLY,castle,2,erase,ERASER,QGraphicsRectItem,,
2026-01-19T23:11:57.261736,174125af-8789-43c9-9c88-41f164004e5c,H_ONLY,castle,2,stroke_color_change,,,,
2026-01-19T23:12:00.739358,174125af-8789-43c9-9c88-41f164004e5c,H_ONLY,castle,2,tool_change,RECT,,,
2026-01-19T23:12:01.245662,174125af-8789-43c9-9c88-41f164004e5c,H_ONLY,castle,2,rect_start,RECT,,,
2026-01-19T23:12:02.895468,174125af-8789-43c9-9c88-41f164004e5c,H_ONLY,castle,2,rect_end,RECT,QGraphicsRectItem,,"x=170.0,y=157.0,w=147.0,h=300.0"
2026-01-19T23:12:04.014392,174125af-8789-43c9-9c88-41f164004e5c,H_ONLY,castle,2,tool_change,SELECT,,,
2026-01-19T23:12:04.469618,174125af-8789-43c9-9c88-41f164004e5c,H_ONLY,castle,2,select_press,SELECT,QGraphicsRectItem,,
2026-01-19T23:12:07.231843,174125af-8789-43c9-9c88-41f164004e5c,H_ONLY,castle,2,select_press,SELECT,QGraphicsRectItem,,
2026-01-19T23:12:08.532207,174125af-8789-43c9-9c88-41f164004e5c,H_ONLY,castle,2,item_moved,SELECT,,,
2026-01-19T23:12:09.316098,174125af-8789-43c9-9c88-41f164004e5c,H_ONLY,castle,2,select_press,SELECT,None,,
2026-01-19T23:12:10.818780,174125af-8789-43c9-9c88-41f164004e5c,H_ONLY,castle,2,select_press,SELECT,None,,
2026-01-19T23:12:11.115989,174125af-8789-43c9-9c88-41f164004e5c,H_ONLY,castle,2,item_moved,SELECT,,,
2026-01-19T23:12:11.280473,174125af-8789-43c9-9c88-41f164004e5c,H_ONLY,castle,2,select_press,SELECT,QGraphicsRectItem,,
2026-01-19T23:12:12.430470,174125af-8789-43c9-9c88-41f164004e5c,H_ONLY,castle,2,item_moved,SELECT,,,
2026-01-19T23:12:13.224319,174125af-8789-43c9-9c88-41f164004e5c,H_ONLY,castle,2,tool_change,RECT,,,
2026-01-19T23:12:14.173438,174125af-8789-43c9-9c88-41f164004e5c,H_ONLY,castle,2,rect_start,RECT,,,
2026-01-19T23:12:16.776423,174125af-8789-43c9-9c88-41f164004e5c,H_ONLY,castle,2,rect_end,RECT,QGraphicsRectItem,,"x=318.0,y=230.0,w=242.0,h=231.0"
2026-01-19T23:12:22.858347,174125af-8789-43c9-9c88-41f164004e5c,H_ONLY,castle,2,tool_change,TRIANGLE,,,
2026-01-19T23:12:24.531685,174125af-8789-43c9-9c88-41f164004e5c,H_ONLY,castle,2,stroke_color_change,,,,
2026-01-19T23:12:25.468555,174125af-8789-43c9-9c88-41f164004e5c,H_ONLY,castle,2,triangle_start,TRIANGLE,,,
2026-01-19T23:12:26.992413,174125af-8789-43c9-9c88-41f164004e5c,H_ONLY,castle,2,triangle_end,TRIANGLE,QGraphicsPolygonItem,,n_points=3
2026-01-19T23:12:32.030736,174125af-8789-43c9-9c88-41f164004e5c,H_ONLY,castle,2,fill_color_change,,,,
2026-01-19T23:12:33.322781,174125af-8789-43c9-9c88-41f164004e5c,H_ONLY,castle,2,triangle_start,TRIANGLE,,,
2026-01-19T23:12:34.865250,174125af-8789-43c9-9c88-41f164004e5c,H_ONLY,castle,2,triangle_end,TRIANGLE,QGraphicsPolygonItem,,n_points=3
2026-01-19T23:12:39.773490,174125af-8789-43c9-9c88-41f164004e5c,H_ONLY,castle,2,stroke_color_change,,,,
2026-01-19T23:12:42.423454,174125af-8789-43c9-9c88-41f164004e5c,H_ONLY,castle,2,triangle_start,TRIANGLE,,,
2026-01-19T23:12:45.063871,174125af-8789-43c9-9c88-41f164004e5c,H_ONLY,castle,2,triangle_end,TRIANGLE,QGraphicsPolygonItem,,n_points=3
2026-01-19T23:12:45.834137,174125af-8789-43c9-9c88-41f164004e5c,H_ONLY,castle,2,tool_change,SELECT,,,
2026-01-19T23:12:46.197413,174125af-8789-43c9-9c88-41f164004e5c,H_ONLY,castle,2,select_press,SELECT,QGraphicsPolygonItem,,
2026-01-19T23:12:46.453295,174125af-8789-43c9-9c88-41f164004e5c,H_ONLY,castle,2,select_press,SELECT,QGraphicsPolygonItem,,
2026-01-19T23:12:48.233491,174125af-8789-43c9-9c88-41f164004e5c,H_ONLY,castle,2,item_moved,SELECT,,,
2026-01-19T23:12:52.536653,174125af-8789-43c9-9c88-41f164004e5c,H_ONLY,castle,2,select_press,SELECT,None,,
2026-01-19T23:12:53.192515,174125af-8789-43c9-9c88-41f164004e5c,H_ONLY,castle,2,item_moved,SELECT,,,
2026-01-19T23:12:53.801503,174125af-8789-43c9-9c88-41f164004e5c,H_ONLY,castle,2,select_press,SELECT,QGraphicsPolygonItem,,
2026-01-19T23:12:56.127462,174125af-8789-43c9-9c88-41f164004e5c,H_ONLY,castle,2,item_moved,SELECT,,,
2026-01-19T23:13:00.329380,174125af-8789-43c9-9c88-41f164004e5c,H_ONLY,castle,2,tool_change,RECT,,,
2026-01-19T23:13:17.982500,174125af-8789-43c9-9c88-41f164004e5c,H_ONLY,castle,2,fill_color_change,,,,
2026-01-19T23:13:19.166211,174125af-8789-43c9-9c88-41f164004e5c,H_ONLY,castle,2,rect_start,RECT,,,
2026-01-19T23:13:20.835508,174125af-8789-43c9-9c88-41f164004e5c,H_ONLY,castle,2,rect_end,RECT,QGraphicsRectItem,,"x=402.0,y=302.0,w=84.0,h=158.0"
2026-01-19T23:13:23.114322,174125af-8789-43c9-9c88-41f164004e5c,H_ONLY,castle,2,tool_change,ELLIPSE,,,
2026-01-19T23:13:24.434370,174125af-8789-43c9-9c88-41f164004e5c,H_ONLY,castle,2,ellipse_start,ELLIPSE,,,
2026-01-19T23:13:25.657505,174125af-8789-43c9-9c88-41f164004e5c,H_ONLY,castle,2,ellipse_end,ELLIPSE,QGraphicsEllipseItem,,"x=406.0,y=255.0,w=80.0,h=84.0"
2026-01-19T23:13:28.837337,174125af-8789-43c9-9c88-41f164004e5c,H_ONLY,castle,2,tool_change,ERASER,,,
2026-01-19T23:13:29.286955,174125af-8789-43c9-9c88-41f164004e5c,H_ONLY,castle,2,erase,ERASER,QGraphicsEllipseItem,,
2026-01-19T23:13:38.437316,174125af-8789-43c9-9c88-41f164004e5c,H_ONLY,castle,2,stroke_color_change,,,,
2026-01-19T23:13:39.535313,174125af-8789-43c9-9c88-41f164004e5c,H_ONLY,castle,2,erase,ERASER,QGraphicsRectItem,,
2026-01-19T23:13:54.330515,174125af-8789-43c9-9c88-41f164004e5c,H_ONLY,castle,2,tool_change,ERASER,,,
2026-01-19T23:13:54.764541,174125af-8789-43c9-9c88-41f164004e5c,H_ONLY,castle,2,erase,ERASER,QGraphicsRectItem,,
2026-01-19T23:13:56.586368,174125af-8789-43c9-9c88-41f164004e5c,H_ONLY,castle,2,tool_change,RECT,,,
2026-01-19T23:14:04.299653,174125af-8789-43c9-9c88-41f164004e5c,H_ONLY,castle,2,stroke_color_change,,,,
2026-01-19T23:14:08.775784,174125af-8789-43c9-9c88-41f164004e5c,H_ONLY,castle,2,fill_color_change,,,,
2026-01-19T23:14:09.889273,174125af-8789-43c9-9c88-41f164004e5c,H_ONLY,castle,2,rect_start,RECT,,,
2026-01-19T23:14:12.212457,174125af-8789-43c9-9c88-41f164004e5c,H_ONLY,castle,2,rect_end,RECT,QGraphicsRectItem,,"x=317.0,y=215.0,w=243.0,h=245.0"
2026-01-19T23:14:13.361625,174125af-8789-43c9-9c88-41f164004e5c,H_ONLY,castle,2,tool_change,RECT,,,
2026-01-19T23:14:23.841831,174125af-8789-43c9-9c88-41f164004e5c,H_ONLY,castle,2,fill_color_change,,,,
2026-01-19T23:14:29.989478,174125af-8789-43c9-9c88-41f164004e5c,H_ONLY,castle,2,stroke_color_change,,,,
2026-01-19T23:14:36.128589,174125af-8789-43c9-9c88-41f164004e5c,H_ONLY,castle,2,stroke_color_change,,,,
2026-01-19T23:14:41.512495,174125af-8789-43c9-9c88-41f164004e5c,H_ONLY,castle,2,fill_color_change,,,,
2026-01-19T23:14:43.990589,174125af-8789-43c9-9c88-41f164004e5c,H_ONLY,castle,2,rect_start,RECT,,,
2026-01-19T23:14:46.116560,174125af-8789-43c9-9c88-41f164004e5c,H_ONLY,castle,2,rect_end,RECT,QGraphicsRectItem,,"x=400.0,y=293.0,w=80.0,h=167.0"
2026-01-19T23:14:52.208920,174125af-8789-43c9-9c88-41f164004e5c,H_ONLY,castle,2,stroke_color_change,,,,
2026-01-19T23:14:53.424414,174125af-8789-43c9-9c88-41f164004e5c,H_ONLY,castle,2,tool_change,ELLIPSE,,,
2026-01-19T23:14:54.886604,174125af-8789-43c9-9c88-41f164004e5c,H_ONLY,castle,2,ellipse_start,ELLIPSE,,,
2026-01-19T23:14:56.924561,174125af-8789-43c9-9c88-41f164004e5c,H_ONLY,castle,2,ellipse_end,ELLIPSE,QGraphicsEllipseItem,,"x=403.0,y=258.0,w=76.0,h=68.0"
2026-01-19T23:14:59.389472,174125af-8789-43c9-9c88-41f164004e5c,H_ONLY,castle,2,tool_change,PEN,,,
2026-01-19T23:15:00.449426,174125af-8789-43c9-9c88-41f164004e5c,H_ONLY,castle,2,pen_start,PEN,,,
2026-01-19T23:15:01.045583,174125af-8789-43c9-9c88-41f164004e5c,H_ONLY,castle,2,pen_end,PEN,QGraphicsPathItem,68,
2026-01-19T23:15:04.878718,174125af-8789-43c9-9c88-41f164004e5c,H_ONLY,castle,2,stroke_color_change,,,,
2026-01-19T23:15:18.221507,174125af-8789-43c9-9c88-41f164004e5c,H_ONLY,castle,2,tool_change,LINE,,,
2026-01-19T23:15:19.888880,174125af-8789-43c9-9c88-41f164004e5c,H_ONLY,castle,2,line_start,LINE,,,
2026-01-19T23:15:20.617561,174125af-8789-43c9-9c88-41f164004e5c,H_ONLY,castle,2,line_end,LINE,QGraphicsLineItem,,"(441.0,258.0)->(450.0,321.0)"
2026-01-19T23:15:25.089445,174125af-8789-43c9-9c88-41f164004e5c,H_ONLY,castle,2,line_start,LINE,,,
2026-01-19T23:15:28.255569,174125af-8789-43c9-9c88-41f164004e5c,H_ONLY,castle,2,line_end,LINE,QGraphicsLineItem,,"(445.0,258.0)->(445.0,459.0)"
2026-01-19T23:15:30.008423,174125af-8789-43c9-9c88-41f164004e5c,H_ONLY,castle,2,tool_change,ELLIPSE,,,
2026-01-19T23:15:32.049987,174125af-8789-43c9-9c88-41f164004e5c,H_ONLY,castle,2,ellipse_start,ELLIPSE,,,
2026-01-19T23:15:32.957754,174125af-8789-43c9-9c88-41f164004e5c,H_ONLY,castle,2,ellipse_end,ELLIPSE,QGraphicsEllipseItem,,"x=431.0,y=358.0,w=8.0,h=13.0"
2026-01-19T23:15:39.294397,174125af-8789-43c9-9c88-41f164004e5c,H_ONLY,castle,2,tool_change,ELLIPSE,,,
2026-01-19T23:15:41.467720,174125af-8789-43c9-9c88-41f164004e5c,H_ONLY,castle,2,ellipse_start,ELLIPSE,,,
2026-01-19T23:15:42.279621,174125af-8789-43c9-9c88-41f164004e5c,H_ONLY,castle,2,ellipse_end,ELLIPSE,QGraphicsEllipseItem,,"x=429.0,y=358.0,w=10.0,h=15.0"
2026-01-19T23:15:51.258223,174125af-8789-43c9-9c88-41f164004e5c,H_ONLY,castle,2,fill_color_change,,,,
2026-01-19T23:15:52.398337,174125af-8789-43c9-9c88-41f164004e5c,H_ONLY,castle,2,ellipse_start,ELLIPSE,,,
2026-01-19T23:15:54.677582,174125af-8789-43c9-9c88-41f164004e5c,H_ONLY,castle,2,ellipse_end,ELLIPSE,QGraphicsEllipseItem,,"x=429.0,y=356.0,w=10.0,h=14.0"
2026-01-19T23:15:55.622619,174125af-8789-43c9-9c88-41f164004e5c,H_ONLY,castle,2,ellipse_start,ELLIPSE,,,
2026-01-19T23:15:56.788576,174125af-8789-43c9-9c88-41f164004e5c,H_ONLY,castle,2,ellipse_end,ELLIPSE,QGraphicsEllipseItem,,"x=450.0,y=358.0,w=10.0,h=17.0"
2026-01-19T23:15:59.432606,174125af-8789-43c9-9c88-41f164004e5c,H_ONLY,castle,2,ellipse_start,ELLIPSE,,,
2026-01-19T23:16:02.074578,174125af-8789-43c9-9c88-41f164004e5c,H_ONLY,castle,2,ellipse_end,ELLIPSE,QGraphicsEllipseItem,,"x=450.0,y=355.0,w=9.0,h=15.0"
2026-01-19T23:16:10.525730,174125af-8789-43c9-9c88-41f164004e5c,H_ONLY,castle,2,done_clicked,,,,
2026-01-19T23:16:10.526108,174125af-8789-43c9-9c88-41f164004e5c,H_ONLY,castle,2,trial_end,,,,duration_s=282.739
2026-01-19T23:16:17.537471,174125af-8789-43c9-9c88-41f164004e5c,H_ONLY,castle,2,self_eval,TEST,,,similarity=0.700
2026-01-19T23:16:17.549449,174125af-8789-43c9-9c88-41f164004e5c,H_ONLY,car,3,trial_start,,,,task=car
2026-01-19T23:16:20.509233,174125af-8789-43c9-9c88-41f164004e5c,H_ONLY,car,3,tool_change,ELLIPSE,,,
2026-01-19T23:16:21.290544,174125af-8789-43c9-9c88-41f164004e5c,H_ONLY,car,3,stroke_color_change,,,,
2026-01-19T23:16:22.078591,174125af-8789-43c9-9c88-41f164004e5c,H_ONLY,car,3,ellipse_start,ELLIPSE,,,
2026-01-19T23:16:22.983599,174125af-8789-43c9-9c88-41f164004e5c,H_ONLY,car,3,ellipse_end,ELLIPSE,QGraphicsEllipseItem,,"x=136.0,y=228.0,w=159.0,h=83.0"
2026-01-19T23:16:30.839750,174125af-8789-43c9-9c88-41f164004e5c,H_ONLY,car,3,fill_color_change,,,,
2026-01-19T23:16:31.289937,174125af-8789-43c9-9c88-41f164004e5c,H_ONLY,car,3,ellipse_start,ELLIPSE,,,
2026-01-19T23:16:32.547610,174125af-8789-43c9-9c88-41f164004e5c,H_ONLY,car,3,ellipse_end,ELLIPSE,QGraphicsEllipseItem,,"x=120.0,y=161.0,w=183.0,h=88.0"
2026-01-19T23:16:33.203342,174125af-8789-43c9-9c88-41f164004e5c,H_ONLY,car,3,ellipse_start,ELLIPSE,,,
2026-01-19T23:16:34.715532,174125af-8789-43c9-9c88-41f164004e5c,H_ONLY,car,3,ellipse_end,ELLIPSE,QGraphicsEllipseItem,,"x=259.0,y=133.0,w=332.0,h=134.0"
2026-01-19T23:16:43.519789,174125af-8789-43c9-9c88-41f164004e5c,H_ONLY,car,3,fill_color_change,,,,
2026-01-19T23:16:46.099442,174125af-8789-43c9-9c88-41f164004e5c,H_ONLY,car,3,ellipse_start,ELLIPSE,,,
2026-01-19T23:16:46.574639,174125af-8789-43c9-9c88-41f164004e5c,H_ONLY,car,3,ellipse_end,ELLIPSE,QGraphicsEllipseItem,,"x=115.0,y=176.0,w=130.0,h=106.0"
2026-01-19T23:16:48.700447,174125af-8789-43c9-9c88-41f164004e5c,H_ONLY,car,3,tool_change,RECT,,,
2026-01-19T23:16:49.715435,174125af-8789-43c9-9c88-41f164004e5c,H_ONLY,car,3,rect_start,RECT,,,
2026-01-19T23:16:51.428538,174125af-8789-43c9-9c88-41f164004e5c,H_ONLY,car,3,rect_end,RECT,QGraphicsRectItem,,"x=105.0,y=189.0,w=488.0,h=110.0"
2026-01-19T23:16:58.276073,174125af-8789-43c9-9c88-41f164004e5c,H_ONLY,car,3,stroke_color_change,,,,
2026-01-19T23:16:59.316508,174125af-8789-43c9-9c88-41f164004e5c,H_ONLY,car,3,rect_start,RECT,,,
2026-01-19T23:17:01.514721,174125af-8789-43c9-9c88-41f164004e5c,H_ONLY,car,3,rect_end,RECT,QGraphicsRectItem,,"x=118.0,y=194.0,w=488.0,h=112.0"
2026-01-19T23:17:02.881541,174125af-8789-43c9-9c88-41f164004e5c,H_ONLY,car,3,tool_change,SELECT,,,
2026-01-19T23:17:03.467698,174125af-8789-43c9-9c88-41f164004e5c,H_ONLY,car,3,select_press,SELECT,QGraphicsRectItem,,
2026-01-19T23:17:05.796812,174125af-8789-43c9-9c88-41f164004e5c,H_ONLY,car,3,select_press,SELECT,None,,
2026-01-19T23:17:10.976547,174125af-8789-43c9-9c88-41f164004e5c,H_ONLY,car,3,tool_change,ELLIPSE,,,
2026-01-19T23:17:24.152618,174125af-8789-43c9-9c88-41f164004e5c,H_ONLY,car,3,stroke_color_change,,,,
2026-01-19T23:17:25.978598,174125af-8789-43c9-9c88-41f164004e5c,H_ONLY,car,3,ellipse_start,ELLIPSE,,,
2026-01-19T23:17:26.436591,174125af-8789-43c9-9c88-41f164004e5c,H_ONLY,car,3,ellipse_end,ELLIPSE,QGraphicsEllipseItem,,"x=204.0,y=182.0,w=35.0,h=55.0"
2026-01-19T23:17:29.546418,174125af-8789-43c9-9c88-41f164004e5c,H_ONLY,car,3,ellipse_start,ELLIPSE,,,
2026-01-19T23:17:32.121603,174125af-8789-43c9-9c88-41f164004e5c,H_ONLY,car,3,ellipse_end,ELLIPSE,QGraphicsEllipseItem,,"x=287.0,y=188.0,w=73.0,h=48.0"
2026-01-19T23:17:33.756365,174125af-8789-43c9-9c88-41f164004e5c,H_ONLY,car,3,tool_change,SELECT,,,
2026-01-19T23:17:34.353625,174125af-8789-43c9-9c88-41f164004e5c,H_ONLY,car,3,select_press,SELECT,QGraphicsEllipseItem,,
2026-01-19T23:17:38.832596,174125af-8789-43c9-9c88-41f164004e5c,H_ONLY,car,3,item_moved,SELECT,,,
2026-01-19T23:17:41.674570,174125af-8789-43c9-9c88-41f164004e5c,H_ONLY,car,3,tool_change,SELECT,,,
2026-01-19T23:17:42.194016,174125af-8789-43c9-9c88-41f164004e5c,H_ONLY,car,3,select_press,SELECT,QGraphicsEllipseItem,,
2026-01-19T23:17:44.602686,174125af-8789-43c9-9c88-41f164004e5c,H_ONLY,car,3,select_press,SELECT,QGraphicsEllipseItem,,
2026-01-19T23:17:47.455590,174125af-8789-43c9-9c88-41f164004e5c,H_ONLY,car,3,item_moved,SELECT,,,
2026-01-19T23:17:47.769068,174125af-8789-43c9-9c88-41f164004e5c,H_ONLY,car,3,select_press,SELECT,None,,
2026-01-19T23:17:47.846764,174125af-8789-43c9-9c88-41f164004e5c,H_ONLY,car,3,item_moved,SELECT,,,
2026-01-19T23:17:50.802455,174125af-8789-43c9-9c88-41f164004e5c,H_ONLY,car,3,tool_change,ELLIPSE,,,
2026-01-19T23:17:51.646835,174125af-8789-43c9-9c88-41f164004e5c,H_ONLY,car,3,stroke_color_change,,,,
2026-01-19T23:17:53.245233,174125af-8789-43c9-9c88-41f164004e5c,H_ONLY,car,3,ellipse_start,ELLIPSE,,,
2026-01-19T23:17:56.740586,174125af-8789-43c9-9c88-41f164004e5c,H_ONLY,car,3,ellipse_end,ELLIPSE,QGraphicsEllipseItem,,"x=305.0,y=194.0,w=54.0,h=54.0"
2026-01-19T23:17:57.751578,174125af-8789-43c9-9c88-41f164004e5c,H_ONLY,car,3,tool_change,SELECT,,,
2026-01-19T23:17:58.356216,174125af-8789-43c9-9c88-41f164004e5c,H_ONLY,car,3,select_press,SELECT,QGraphicsEllipseItem,,
2026-01-19T23:17:59.903567,174125af-8789-43c9-9c88-41f164004e5c,H_ONLY,car,3,item_moved,SELECT,,,
2026-01-19T23:18:00.293296,174125af-8789-43c9-9c88-41f164004e5c,H_ONLY,car,3,select_press,SELECT,None,,
2026-01-19T23:18:11.457477,174125af-8789-43c9-9c88-41f164004e5c,H_ONLY,car,3,tool_change,ELLIPSE,,,
2026-01-19T23:18:12.688893,174125af-8789-43c9-9c88-41f164004e5c,H_ONLY,car,3,fill_color_change,,,,
2026-01-19T23:18:18.173715,174125af-8789-43c9-9c88-41f164004e5c,H_ONLY,car,3,ellipse_start,ELLIPSE,,,
2026-01-19T23:18:19.976566,174125af-8789-43c9-9c88-41f164004e5c,H_ONLY,car,3,ellipse_end,ELLIPSE,QGraphicsEllipseItem,,"x=305.0,y=190.0,w=51.0,h=53.0"
2026-01-19T23:18:20.801240,174125af-8789-43c9-9c88-41f164004e5c,H_ONLY,car,3,tool_change,SELECT,,,
2026-01-19T23:18:21.291021,174125af-8789-43c9-9c88-41f164004e5c,H_ONLY,car,3,select_press,SELECT,QGraphicsEllipseItem,,
2026-01-19T23:18:22.146662,174125af-8789-43c9-9c88-41f164004e5c,H_ONLY,car,3,item_moved,SELECT,,,
2026-01-19T23:18:24.383823,174125af-8789-43c9-9c88-41f164004e5c,H_ONLY,car,3,select_press,SELECT,QGraphicsEllipseItem,,
2026-01-19T23:18:26.870629,174125af-8789-43c9-9c88-41f164004e5c,H_ONLY,car,3,item_moved,SELECT,,,
2026-01-19T23:18:27.427923,174125af-8789-43c9-9c88-41f164004e5c,H_ONLY,car,3,select_press,SELECT,None,,
2026-01-19T23:18:31.275779,174125af-8789-43c9-9c88-41f164004e5c,H_ONLY,car,3,stroke_color_change,,,,
2026-01-19T23:18:32.303306,174125af-8789-43c9-9c88-41f164004e5c,H_ONLY,car,3,select_press,SELECT,QGraphicsEllipseItem,,
2026-01-19T23:18:32.978732,174125af-8789-43c9-9c88-41f164004e5c,H_ONLY,car,3,item_moved,SELECT,,,
2026-01-19T23:18:35.717548,174125af-8789-43c9-9c88-41f164004e5c,H_ONLY,car,3,tool_change,ELLIPSE,,,
2026-01-19T23:18:36.899491,174125af-8789-43c9-9c88-41f164004e5c,H_ONLY,car,3,ellipse_start,ELLIPSE,,,
2026-01-19T23:18:37.821615,174125af-8789-43c9-9c88-41f164004e5c,H_ONLY,car,3,ellipse_end,ELLIPSE,QGraphicsEllipseItem,,"x=310.0,y=206.0,w=30.0,h=29.0"
2026-01-19T23:18:44.993843,174125af-8789-43c9-9c88-41f164004e5c,H_ONLY,car,3,fill_color_change,,,,
2026-01-19T23:18:46.636667,174125af-8789-43c9-9c88-41f164004e5c,H_ONLY,car,3,ellipse_start,ELLIPSE,,,
2026-01-19T23:18:49.173701,174125af-8789-43c9-9c88-41f164004e5c,H_ONLY,car,3,ellipse_end,ELLIPSE,QGraphicsEllipseItem,,"x=312.0,y=201.0,w=27.0,h=32.0"
2026-01-19T23:18:50.580797,174125af-8789-43c9-9c88-41f164004e5c,H_ONLY,car,3,ellipse_start,ELLIPSE,,,
2026-01-19T23:18:50.660497,174125af-8789-43c9-9c88-41f164004e5c,H_ONLY,car,3,ellipse_end,ELLIPSE,QGraphicsEllipseItem,,"x=325.0,y=359.0,w=0.0,h=0.0"
2026-01-19T23:18:51.256592,174125af-8789-43c9-9c88-41f164004e5c,H_ONLY,car,3,ellipse_start,ELLIPSE,,,
2026-01-19T23:18:51.320654,174125af-8789-43c9-9c88-41f164004e5c,H_ONLY,car,3,ellipse_end,ELLIPSE,QGraphicsEllipseItem,,"x=226.0,y=290.0,w=0.0,h=0.0"
2026-01-19T23:18:54.715508,174125af-8789-43c9-9c88-41f164004e5c,H_ONLY,car,3,tool_change,LINE,,,
2026-01-19T23:18:56.310502,174125af-8789-43c9-9c88-41f164004e5c,H_ONLY,car,3,line_start,LINE,,,
2026-01-19T23:18:56.368692,174125af-8789-43c9-9c88-41f164004e5c,H_ONLY,car,3,line_end,LINE,QGraphicsLineItem,,"(202.0,323.0)->(202.0,323.0)"
2026-01-19T23:18:59.366567,174125af-8789-43c9-9c88-41f164004e5c,H_ONLY,car,3,tool_change,SELECT,,,
2026-01-19T23:18:59.620036,174125af-8789-43c9-9c88-41f164004e5c,H_ONLY,car,3,select_press,SELECT,None,,
2026-01-19T23:19:00.691513,174125af-8789-43c9-9c88-41f164004e5c,H_ONLY,car,3,tool_change,LINE,,,
2026-01-19T23:19:01.858529,174125af-8789-43c9-9c88-41f164004e5c,H_ONLY,car,3,line_start,LINE,,,
2026-01-19T23:19:02.388678,174125af-8789-43c9-9c88-41f164004e5c,H_ONLY,car,3,line_end,LINE,QGraphicsLineItem,,"(316.0,205.0)->(336.0,226.0)"
2026-01-19T23:19:05.538722,174125af-8789-43c9-9c88-41f164004e5c,H_ONLY,car,3,stroke_color_change,,,,
2026-01-19T23:19:07.369155,174125af-8789-43c9-9c88-41f164004e5c,H_ONLY,car,3,line_start,LINE,,,
2026-01-19T23:19:08.515443,174125af-8789-43c9-9c88-41f164004e5c,H_ONLY,car,3,line_end,LINE,QGraphicsLineItem,,"(319.0,205.0)->(335.0,229.0)"
2026-01-19T23:19:09.001740,174125af-8789-43c9-9c88-41f164004e5c,H_ONLY,car,3,line_start,LINE,,,
2026-01-19T23:19:09.767754,174125af-8789-43c9-9c88-41f164004e5c,H_ONLY,car,3,line_end,LINE,QGraphicsLineItem,,"(315.0,229.0)->(339.0,210.0)"
2026-01-19T23:19:10.172555,174125af-8789-43c9-9c88-41f164004e5c,H_ONLY,car,3,line_start,LINE,,,
2026-01-19T23:19:11.577632,174125af-8789-43c9-9c88-41f164004e5c,H_ONLY,car,3,line_end,LINE,QGraphicsLineItem,,"(326.0,202.0)->(324.0,233.0)"
2026-01-19T23:19:12.128442,174125af-8789-43c9-9c88-41f164004e5c,H_ONLY,car,3,line_start,LINE,,,
2026-01-19T23:19:12.628626,174125af-8789-43c9-9c88-41f164004e5c,H_ONLY,car,3,line_end,LINE,QGraphicsLineItem,,"(311.0,218.0)->(343.0,218.0)"
2026-01-19T23:19:22.789864,174125af-8789-43c9-9c88-41f164004e5c,H_ONLY,car,3,stroke_color_change,,,,
2026-01-19T23:19:23.927862,174125af-8789-43c9-9c88-41f164004e5c,H_ONLY,car,3,line_start,LINE,,,
2026-01-19T23:19:24.699536,174125af-8789-43c9-9c88-41f164004e5c,H_ONLY,car,3,line_end,LINE,QGraphicsLineItem,,"(495.0,200.0)->(513.0,241.0)"
2026-01-19T23:19:26.944578,174125af-8789-43c9-9c88-41f164004e5c,H_ONLY,car,3,tool_change,ELLIPSE,,,
2026-01-19T23:19:27.852758,174125af-8789-43c9-9c88-41f164004e5c,H_ONLY,car,3,ellipse_start,ELLIPSE,,,
2026-01-19T23:19:29.356573,174125af-8789-43c9-9c88-41f164004e5c,H_ONLY,car,3,ellipse_end,ELLIPSE,QGraphicsEllipseItem,,"x=488.0,y=206.0,w=27.0,h=32.0"
2026-01-19T23:19:31.323637,174125af-8789-43c9-9c88-41f164004e5c,H_ONLY,car,3,tool_change,LINE,,,
2026-01-19T23:19:32.712947,174125af-8789-43c9-9c88-41f164004e5c,H_ONLY,car,3,stroke_color_change,,,,
2026-01-19T23:19:33.820890,174125af-8789-43c9-9c88-41f164004e5c,H_ONLY,car,3,line_start,LINE,,,
2026-01-19T23:19:34.349621,174125af-8789-43c9-9c88-41f164004e5c,H_ONLY,car,3,line_end,LINE,QGraphicsLineItem,,"(499.0,208.0)->(510.0,235.0)"
2026-01-19T23:19:34.719983,174125af-8789-43c9-9c88-41f164004e5c,H_ONLY,car,3,line_start,LINE,,,
2026-01-19T23:19:35.301608,174125af-8789-43c9-9c88-41f164004e5c,H_ONLY,car,3,line_end,LINE,QGraphicsLineItem,,"(489.0,233.0)->(517.0,207.0)"
2026-01-19T23:19:35.591571,174125af-8789-43c9-9c88-41f164004e5c,H_ONLY,car,3,line_start,LINE,,,
2026-01-19T23:19:36.157715,174125af-8789-43c9-9c88-41f164004e5c,H_ONLY,car,3,line_end,LINE,QGraphicsLineItem,,"(508.0,206.0)->(504.0,235.0)"
2026-01-19T23:19:36.566715,174125af-8789-43c9-9c88-41f164004e5c,H_ONLY,car,3,line_start,LINE,,,
2026-01-19T23:19:36.921673,174125af-8789-43c9-9c88-41f164004e5c,H_ONLY,car,3,line_end,LINE,QGraphicsLineItem,,"(493.0,220.0)->(515.0,219.0)"
2026-01-19T23:19:40.777357,174125af-8789-43c9-9c88-41f164004e5c,H_ONLY,car,3,done_clicked,,,,
2026-01-19T23:19:40.777801,174125af-8789-43c9-9c88-41f164004e5c,H_ONLY,car,3,trial_end,,,,duration_s=203.228
2026-01-19T23:19:56.680982,174125af-8789-43c9-9c88-41f164004e5c,H_ONLY,car,3,self_eval,TEST,,,similarity=0.450
2026-01-19T23:19:56.683043,174125af-8789-43c9-9c88-41f164004e5c,H_ONLY,car,3,test_end,,,,completedtimestamp,session_id,condition,task_id,trial_index,event_type,tool,item_type,n_points,notes
2026-01-19T22:59:34.289314,0944ec51-8d5c-4d1f-b85f-f2dccee72a9d,,,,stroke_color_change,,,,
2026-01-19T22:59:34.295878,0944ec51-8d5c-4d1f-b85f-f2dccee72a9d,,,,fill_color_change,,,,
2026-01-19T23:00:02.261818,0944ec51-8d5c-4d1f-b85f-f2dccee72a9d,H_PLUS_IA,,,test_start,,,,condition=H_PLUS_IA;3_tasks_fixed_order
2026-01-19T23:00:02.265098,0944ec51-8d5c-4d1f-b85f-f2dccee72a9d,H_PLUS_IA,cat,1,trial_start,,,,task=cat
2026-01-19T23:00:24.029357,0944ec51-8d5c-4d1f-b85f-f2dccee72a9d,H_PLUS_IA,cat,1,tool_change,ELLIPSE,,,
2026-01-19T23:00:26.973011,0944ec51-8d5c-4d1f-b85f-f2dccee72a9d,H_PLUS_IA,cat,1,ellipse_start,ELLIPSE,,,
2026-01-19T23:00:29.826883,0944ec51-8d5c-4d1f-b85f-f2dccee72a9d,H_PLUS_IA,cat,1,ellipse_end,ELLIPSE,QGraphicsEllipseItem,,"x=394.0,y=146.0,w=170.0,h=166.0"
2026-01-19T23:00:35.465674,0944ec51-8d5c-4d1f-b85f-f2dccee72a9d,H_PLUS_IA,cat,1,tool_change,TRIANGLE,,,
2026-01-19T23:00:37.327689,0944ec51-8d5c-4d1f-b85f-f2dccee72a9d,H_PLUS_IA,cat,1,triangle_start,TRIANGLE,,,
2026-01-19T23:00:38.434739,0944ec51-8d5c-4d1f-b85f-f2dccee72a9d,H_PLUS_IA,cat,1,triangle_end,TRIANGLE,QGraphicsPolygonItem,,n_points=3
2026-01-19T23:00:45.615735,0944ec51-8d5c-4d1f-b85f-f2dccee72a9d,H_PLUS_IA,cat,1,tool_change,LINE,,,
2026-01-19T23:00:47.347714,0944ec51-8d5c-4d1f-b85f-f2dccee72a9d,H_PLUS_IA,cat,1,line_start,LINE,,,
2026-01-19T23:00:47.959672,0944ec51-8d5c-4d1f-b85f-f2dccee72a9d,H_PLUS_IA,cat,1,line_end,LINE,QGraphicsLineItem,,"(406.0,166.0)->(445.0,140.0)"
2026-01-19T23:00:48.850808,0944ec51-8d5c-4d1f-b85f-f2dccee72a9d,H_PLUS_IA,cat,1,line_start,LINE,,,
2026-01-19T23:00:49.396715,0944ec51-8d5c-4d1f-b85f-f2dccee72a9d,H_PLUS_IA,cat,1,line_end,LINE,QGraphicsLineItem,,"(407.0,161.0)->(406.0,81.0)"
2026-01-19T23:00:49.578874,0944ec51-8d5c-4d1f-b85f-f2dccee72a9d,H_PLUS_IA,cat,1,line_start,LINE,,,
2026-01-19T23:00:50.528371,0944ec51-8d5c-4d1f-b85f-f2dccee72a9d,H_PLUS_IA,cat,1,line_end,LINE,QGraphicsLineItem,,"(406.0,81.0)->(442.0,137.0)"
2026-01-19T23:00:51.268022,0944ec51-8d5c-4d1f-b85f-f2dccee72a9d,H_PLUS_IA,cat,1,line_start,LINE,,,
2026-01-19T23:00:51.802731,0944ec51-8d5c-4d1f-b85f-f2dccee72a9d,H_PLUS_IA,cat,1,line_end,LINE,QGraphicsLineItem,,"(525.0,145.0)->(553.0,172.0)"
2026-01-19T23:00:52.728630,0944ec51-8d5c-4d1f-b85f-f2dccee72a9d,H_PLUS_IA,cat,1,line_start,LINE,,,
2026-01-19T23:00:53.633657,0944ec51-8d5c-4d1f-b85f-f2dccee72a9d,H_PLUS_IA,cat,1,line_end,LINE,QGraphicsLineItem,,"(529.0,143.0)->(553.0,81.0)"
2026-01-19T23:00:53.822758,0944ec51-8d5c-4d1f-b85f-f2dccee72a9d,H_PLUS_IA,cat,1,line_start,LINE,,,
2026-01-19T23:00:54.971688,0944ec51-8d5c-4d1f-b85f-f2dccee72a9d,H_PLUS_IA,cat,1,line_end,LINE,QGraphicsLineItem,,"(554.0,83.0)->(554.0,164.0)"
2026-01-19T23:00:58.102529,0944ec51-8d5c-4d1f-b85f-f2dccee72a9d,H_PLUS_IA,cat,1,tool_change,ELLIPSE,,,
2026-01-19T23:00:59.352683,0944ec51-8d5c-4d1f-b85f-f2dccee72a9d,H_PLUS_IA,cat,1,ellipse_start,ELLIPSE,,,
2026-01-19T23:00:59.962729,0944ec51-8d5c-4d1f-b85f-f2dccee72a9d,H_PLUS_IA,cat,1,ellipse_end,ELLIPSE,QGraphicsEllipseItem,,"x=436.0,y=204.0,w=18.0,h=18.0"
2026-01-19T23:01:03.334832,0944ec51-8d5c-4d1f-b85f-f2dccee72a9d,H_PLUS_IA,cat,1,ellipse_start,ELLIPSE,,,
2026-01-19T23:01:04.643732,0944ec51-8d5c-4d1f-b85f-f2dccee72a9d,H_PLUS_IA,cat,1,ellipse_end,ELLIPSE,QGraphicsEllipseItem,,"x=503.0,y=204.0,w=17.0,h=19.0"
2026-01-19T23:01:08.949378,0944ec51-8d5c-4d1f-b85f-f2dccee72a9d,H_PLUS_IA,cat,1,tool_change,SELECT,,,
2026-01-19T23:01:09.837125,0944ec51-8d5c-4d1f-b85f-f2dccee72a9d,H_PLUS_IA,cat,1,select_press,SELECT,QGraphicsEllipseItem,,
2026-01-19T23:01:19.287890,0944ec51-8d5c-4d1f-b85f-f2dccee72a9d,H_PLUS_IA,cat,1,select_press,SELECT,QGraphicsEllipseItem,,
2026-01-19T23:01:20.817722,0944ec51-8d5c-4d1f-b85f-f2dccee72a9d,H_PLUS_IA,cat,1,item_moved,SELECT,,,
2026-01-19T23:01:21.465896,0944ec51-8d5c-4d1f-b85f-f2dccee72a9d,H_PLUS_IA,cat,1,select_press,SELECT,None,,
2026-01-19T23:01:25.755931,0944ec51-8d5c-4d1f-b85f-f2dccee72a9d,H_PLUS_IA,cat,1,fill_color_change,,,,
2026-01-19T23:01:26.785347,0944ec51-8d5c-4d1f-b85f-f2dccee72a9d,H_PLUS_IA,cat,1,select_press,SELECT,QGraphicsEllipseItem,,
2026-01-19T23:01:27.389596,0944ec51-8d5c-4d1f-b85f-f2dccee72a9d,H_PLUS_IA,cat,1,select_press,SELECT,QGraphicsEllipseItem,,
2026-01-19T23:01:34.252569,0944ec51-8d5c-4d1f-b85f-f2dccee72a9d,H_PLUS_IA,cat,1,tool_change,ELLIPSE,,,
2026-01-19T23:01:35.527113,0944ec51-8d5c-4d1f-b85f-f2dccee72a9d,H_PLUS_IA,cat,1,ellipse_start,ELLIPSE,,,
2026-01-19T23:01:37.828629,0944ec51-8d5c-4d1f-b85f-f2dccee72a9d,H_PLUS_IA,cat,1,ellipse_end,ELLIPSE,QGraphicsEllipseItem,,"x=439.0,y=206.0,w=12.0,h=14.0"
2026-01-19T23:01:39.130998,0944ec51-8d5c-4d1f-b85f-f2dccee72a9d,H_PLUS_IA,cat,1,ellipse_start,ELLIPSE,,,
2026-01-19T23:01:41.314624,0944ec51-8d5c-4d1f-b85f-f2dccee72a9d,H_PLUS_IA,cat,1,ellipse_end,ELLIPSE,QGraphicsEllipseItem,,"x=510.0,y=210.0,w=7.0,h=10.0"
2026-01-19T23:01:46.999589,0944ec51-8d5c-4d1f-b85f-f2dccee72a9d,H_PLUS_IA,cat,1,tool_change,ERASER,,,
2026-01-19T23:01:47.621108,0944ec51-8d5c-4d1f-b85f-f2dccee72a9d,H_PLUS_IA,cat,1,erase,ERASER,QGraphicsEllipseItem,,
2026-01-19T23:01:47.667956,0944ec51-8d5c-4d1f-b85f-f2dccee72a9d,H_PLUS_IA,cat,1,erase,ERASER,QGraphicsEllipseItem,,move
2026-01-19T23:01:50.436972,0944ec51-8d5c-4d1f-b85f-f2dccee72a9d,H_PLUS_IA,cat,1,erase,ERASER,QGraphicsEllipseItem,,
2026-01-19T23:01:56.797528,0944ec51-8d5c-4d1f-b85f-f2dccee72a9d,H_PLUS_IA,cat,1,tool_change,ELLIPSE,,,
2026-01-19T23:02:01.426950,0944ec51-8d5c-4d1f-b85f-f2dccee72a9d,H_PLUS_IA,cat,1,ellipse_start,ELLIPSE,,,
2026-01-19T23:02:03.432591,0944ec51-8d5c-4d1f-b85f-f2dccee72a9d,H_PLUS_IA,cat,1,ellipse_end,ELLIPSE,QGraphicsEllipseItem,,"x=443.0,y=201.0,w=16.0,h=15.0"
2026-01-19T23:02:04.709493,0944ec51-8d5c-4d1f-b85f-f2dccee72a9d,H_PLUS_IA,cat,1,tool_change,SELECT,,,
2026-01-19T23:02:05.491949,0944ec51-8d5c-4d1f-b85f-f2dccee72a9d,H_PLUS_IA,cat,1,select_press,SELECT,QGraphicsEllipseItem,,
2026-01-19T23:02:10.433976,0944ec51-8d5c-4d1f-b85f-f2dccee72a9d,H_PLUS_IA,cat,1,select_press,SELECT,QGraphicsEllipseItem,,
2026-01-19T23:02:12.337601,0944ec51-8d5c-4d1f-b85f-f2dccee72a9d,H_PLUS_IA,cat,1,item_moved,SELECT,,,
2026-01-19T23:02:17.008221,0944ec51-8d5c-4d1f-b85f-f2dccee72a9d,H_PLUS_IA,cat,1,select_press,SELECT,QGraphicsEllipseItem,,
2026-01-19T23:02:17.682612,0944ec51-8d5c-4d1f-b85f-f2dccee72a9d,H_PLUS_IA,cat,1,item_moved,SELECT,,,
2026-01-19T23:02:28.450675,0944ec51-8d5c-4d1f-b85f-f2dccee72a9d,H_PLUS_IA,cat,1,invoke_help,ASSISTANT,,,
2026-01-19T23:02:28.451367,0944ec51-8d5c-4d1f-b85f-f2dccee72a9d,H_PLUS_IA,cat,1,ai_output,ASSISTANT,,,shown:manual:CAT_EARS
2026-01-19T23:02:36.328159,0944ec51-8d5c-4d1f-b85f-f2dccee72a9d,H_PLUS_IA,cat,1,user_action,ASSISTANT,,,accept:manual:CAT_EARS:ms=7876
2026-01-19T23:02:45.173086,0944ec51-8d5c-4d1f-b85f-f2dccee72a9d,H_PLUS_IA,cat,1,tool_change,LINE,,,
2026-01-19T23:02:47.003637,0944ec51-8d5c-4d1f-b85f-f2dccee72a9d,H_PLUS_IA,cat,1,line_start,LINE,,,
2026-01-19T23:02:48.081648,0944ec51-8d5c-4d1f-b85f-f2dccee72a9d,H_PLUS_IA,cat,1,line_end,LINE,QGraphicsLineItem,,"(437.0,240.0)->(455.0,258.0)"
2026-01-19T23:02:50.877683,0944ec51-8d5c-4d1f-b85f-f2dccee72a9d,H_PLUS_IA,cat,1,tool_change,PEN,,,
2026-01-19T23:02:51.816594,0944ec51-8d5c-4d1f-b85f-f2dccee72a9d,H_PLUS_IA,cat,1,pen_start,PEN,,,
2026-01-19T23:02:56.068604,0944ec51-8d5c-4d1f-b85f-f2dccee72a9d,H_PLUS_IA,cat,1,pen_end,PEN,QGraphicsPathItem,171,
2026-01-19T23:02:58.310493,0944ec51-8d5c-4d1f-b85f-f2dccee72a9d,H_PLUS_IA,cat,1,pen_start,PEN,,,
2026-01-19T23:02:58.920547,0944ec51-8d5c-4d1f-b85f-f2dccee72a9d,H_PLUS_IA,cat,1,pen_end,PEN,QGraphicsPathItem,139,
2026-01-19T23:03:00.634654,0944ec51-8d5c-4d1f-b85f-f2dccee72a9d,H_PLUS_IA,cat,1,tool_change,LINE,,,
2026-01-19T23:03:01.275475,0944ec51-8d5c-4d1f-b85f-f2dccee72a9d,H_PLUS_IA,cat,1,line_start,LINE,,,
2026-01-19T23:03:01.995746,0944ec51-8d5c-4d1f-b85f-f2dccee72a9d,H_PLUS_IA,cat,1,line_end,LINE,QGraphicsLineItem,,"(308.0,204.0)->(420.0,225.0)"
2026-01-19T23:03:02.436755,0944ec51-8d5c-4d1f-b85f-f2dccee72a9d,H_PLUS_IA,cat,1,line_start,LINE,,,
2026-01-19T23:03:03.073539,0944ec51-8d5c-4d1f-b85f-f2dccee72a9d,H_PLUS_IA,cat,1,line_end,LINE,QGraphicsLineItem,,"(314.0,244.0)->(418.0,247.0)"
2026-01-19T23:03:03.478645,0944ec51-8d5c-4d1f-b85f-f2dccee72a9d,H_PLUS_IA,cat,1,line_start,LINE,,,
2026-01-19T23:03:04.112729,0944ec51-8d5c-4d1f-b85f-f2dccee72a9d,H_PLUS_IA,cat,1,line_end,LINE,QGraphicsLineItem,,"(318.0,298.0)->(416.0,267.0)"
2026-01-19T23:03:04.671829,0944ec51-8d5c-4d1f-b85f-f2dccee72a9d,H_PLUS_IA,cat,1,line_start,LINE,,,
2026-01-19T23:03:05.179526,0944ec51-8d5c-4d1f-b85f-f2dccee72a9d,H_PLUS_IA,cat,1,line_end,LINE,QGraphicsLineItem,,"(541.0,230.0)->(668.0,201.0)"
2026-01-19T23:03:05.632659,0944ec51-8d5c-4d1f-b85f-f2dccee72a9d,H_PLUS_IA,cat,1,line_start,LINE,,,
2026-01-19T23:03:06.115015,0944ec51-8d5c-4d1f-b85f-f2dccee72a9d,H_PLUS_IA,cat,1,line_end,LINE,QGraphicsLineItem,,"(549.0,247.0)->(685.0,241.0)"
2026-01-19T23:03:06.861361,0944ec51-8d5c-4d1f-b85f-f2dccee72a9d,H_PLUS_IA,cat,1,line_start,LINE,,,
2026-01-19T23:03:07.823658,0944ec51-8d5c-4d1f-b85f-f2dccee72a9d,H_PLUS_IA,cat,1,line_end,LINE,QGraphicsLineItem,,"(539.0,265.0)->(672.0,291.0)"
2026-01-19T23:03:18.712135,0944ec51-8d5c-4d1f-b85f-f2dccee72a9d,H_PLUS_IA,cat,1,done_clicked,,,,
2026-01-19T23:03:18.712753,0944ec51-8d5c-4d1f-b85f-f2dccee72a9d,H_PLUS_IA,cat,1,trial_end,,,,duration_s=196.447
2026-01-19T23:03:27.988991,0944ec51-8d5c-4d1f-b85f-f2dccee72a9d,H_PLUS_IA,cat,1,self_eval,TEST,,,similarity=0.700
2026-01-19T23:03:27.998049,0944ec51-8d5c-4d1f-b85f-f2dccee72a9d,H_PLUS_IA,castle,2,trial_start,,,,task=castle
2026-01-19T23:03:37.071406,0944ec51-8d5c-4d1f-b85f-f2dccee72a9d,H_PLUS_IA,castle,2,fill_color_change,,,,
2026-01-19T23:03:37.903649,0944ec51-8d5c-4d1f-b85f-f2dccee72a9d,H_PLUS_IA,castle,2,line_start,LINE,,,
2026-01-19T23:03:38.596607,0944ec51-8d5c-4d1f-b85f-f2dccee72a9d,H_PLUS_IA,castle,2,line_end,LINE,QGraphicsLineItem,,"(337.0,271.0)->(636.0,493.0)"
2026-01-19T23:03:45.925496,0944ec51-8d5c-4d1f-b85f-f2dccee72a9d,H_PLUS_IA,castle,2,tool_change,RECT,,,
2026-01-19T23:03:47.781820,0944ec51-8d5c-4d1f-b85f-f2dccee72a9d,H_PLUS_IA,castle,2,rect_start,RECT,,,
2026-01-19T23:03:50.898589,0944ec51-8d5c-4d1f-b85f-f2dccee72a9d,H_PLUS_IA,castle,2,rect_end,RECT,QGraphicsRectItem,,"x=383.0,y=180.0,w=377.0,h=296.0"
2026-01-19T23:03:54.940554,0944ec51-8d5c-4d1f-b85f-f2dccee72a9d,H_PLUS_IA,castle,2,invoke_help,ASSISTANT,,,
2026-01-19T23:03:54.941085,0944ec51-8d5c-4d1f-b85f-f2dccee72a9d,H_PLUS_IA,castle,2,ai_output,ASSISTANT,,,shown:manual:ROOF_TRIANGLE
2026-01-19T23:04:12.092751,0944ec51-8d5c-4d1f-b85f-f2dccee72a9d,H_PLUS_IA,castle,2,user_action,ASSISTANT,,,ignore:manual:ROOF_TRIANGLE:ms=17151
2026-01-19T23:04:14.287588,0944ec51-8d5c-4d1f-b85f-f2dccee72a9d,H_PLUS_IA,castle,2,rect_start,RECT,,,
2026-01-19T23:04:18.151554,0944ec51-8d5c-4d1f-b85f-f2dccee72a9d,H_PLUS_IA,castle,2,rect_end,RECT,QGraphicsRectItem,,"x=203.0,y=38.0,w=180.0,h=438.0"
2026-01-19T23:04:20.934407,0944ec51-8d5c-4d1f-b85f-f2dccee72a9d,H_PLUS_IA,castle,2,assistant_auto_toggle,,,,True
2026-01-19T23:04:23.369607,0944ec51-8d5c-4d1f-b85f-f2dccee72a9d,H_PLUS_IA,castle,2,rect_start,RECT,,,
2026-01-19T23:04:24.160335,0944ec51-8d5c-4d1f-b85f-f2dccee72a9d,H_PLUS_IA,castle,2,rect_end,RECT,QGraphicsRectItem,,"x=737.0,y=17.0,w=57.0,h=144.0"
2026-01-19T23:04:24.161084,0944ec51-8d5c-4d1f-b85f-f2dccee72a9d,H_PLUS_IA,castle,2,ai_output,ASSISTANT,,,shown:auto:ROOF_TRIANGLE
2026-01-19T23:04:31.859440,0944ec51-8d5c-4d1f-b85f-f2dccee72a9d,H_PLUS_IA,castle,2,user_action,ASSISTANT,,,override:auto:ROOF_TRIANGLE:ms=7698
2026-01-19T23:04:31.859603,0944ec51-8d5c-4d1f-b85f-f2dccee72a9d,H_PLUS_IA,castle,2,assistant_suppress,ASSISTANT,,,ROOF_TRIANGLE
2026-01-19T23:04:38.374715,0944ec51-8d5c-4d1f-b85f-f2dccee72a9d,H_PLUS_IA,castle,2,rect_start,RECT,,,
2026-01-19T23:04:42.160480,0944ec51-8d5c-4d1f-b85f-f2dccee72a9d,H_PLUS_IA,castle,2,rect_end,RECT,QGraphicsRectItem,,"x=759.0,y=9.0,w=177.0,h=469.0"
2026-01-19T23:04:42.161302,0944ec51-8d5c-4d1f-b85f-f2dccee72a9d,H_PLUS_IA,castle,2,ai_output,ASSISTANT,,,none:auto
2026-01-19T23:04:50.180446,0944ec51-8d5c-4d1f-b85f-f2dccee72a9d,H_PLUS_IA,castle,2,rect_start,RECT,,,
2026-01-19T23:04:52.659646,0944ec51-8d5c-4d1f-b85f-f2dccee72a9d,H_PLUS_IA,castle,2,rect_end,RECT,QGraphicsRectItem,,"x=762.0,y=33.0,w=178.0,h=443.0"
2026-01-19T23:04:52.660477,0944ec51-8d5c-4d1f-b85f-f2dccee72a9d,H_PLUS_IA,castle,2,ai_output,ASSISTANT,,,none:auto
2026-01-19T23:04:54.515709,0944ec51-8d5c-4d1f-b85f-f2dccee72a9d,H_PLUS_IA,castle,2,invoke_help,ASSISTANT,,,
2026-01-19T23:04:54.516313,0944ec51-8d5c-4d1f-b85f-f2dccee72a9d,H_PLUS_IA,castle,2,ai_output,ASSISTANT,,,shown:manual:ROOF_TRIANGLE
2026-01-19T23:04:59.392044,0944ec51-8d5c-4d1f-b85f-f2dccee72a9d,H_PLUS_IA,castle,2,user_action,ASSISTANT,,,accept:manual:ROOF_TRIANGLE:ms=4875
2026-01-19T23:05:01.374357,0944ec51-8d5c-4d1f-b85f-f2dccee72a9d,H_PLUS_IA,castle,2,tool_change,SELECT,,,
2026-01-19T23:05:02.373142,0944ec51-8d5c-4d1f-b85f-f2dccee72a9d,H_PLUS_IA,castle,2,select_press,SELECT,None,,
2026-01-19T23:05:02.797199,0944ec51-8d5c-4d1f-b85f-f2dccee72a9d,H_PLUS_IA,castle,2,item_moved,SELECT,,,
2026-01-19T23:05:03.079904,0944ec51-8d5c-4d1f-b85f-f2dccee72a9d,H_PLUS_IA,castle,2,select_press,SELECT,QGraphicsRectItem,,
2026-01-19T23:05:03.547639,0944ec51-8d5c-4d1f-b85f-f2dccee72a9d,H_PLUS_IA,castle,2,item_moved,SELECT,,,
2026-01-19T23:05:04.295904,0944ec51-8d5c-4d1f-b85f-f2dccee72a9d,H_PLUS_IA,castle,2,select_press,SELECT,None,,
2026-01-19T23:05:04.851610,0944ec51-8d5c-4d1f-b85f-f2dccee72a9d,H_PLUS_IA,castle,2,select_press,SELECT,None,,
2026-01-19T23:05:05.122630,0944ec51-8d5c-4d1f-b85f-f2dccee72a9d,H_PLUS_IA,castle,2,item_moved,SELECT,,,
2026-01-19T23:05:07.559981,0944ec51-8d5c-4d1f-b85f-f2dccee72a9d,H_PLUS_IA,castle,2,select_press,SELECT,QGraphicsPolygonItem,,
2026-01-19T23:05:10.156471,0944ec51-8d5c-4d1f-b85f-f2dccee72a9d,H_PLUS_IA,castle,2,item_moved,SELECT,,,
2026-01-19T23:05:14.509426,0944ec51-8d5c-4d1f-b85f-f2dccee72a9d,H_PLUS_IA,castle,2,select_press,SELECT,None,,
2026-01-19T23:05:23.059456,0944ec51-8d5c-4d1f-b85f-f2dccee72a9d,H_PLUS_IA,castle,2,gen_add,GEN,,,Porte:porte_arrondie|prompt=
2026-01-19T23:05:27.288062,0944ec51-8d5c-4d1f-b85f-f2dccee72a9d,H_PLUS_IA,castle,2,select_press,SELECT,QGraphicsEllipseItem,,
2026-01-19T23:05:27.895835,0944ec51-8d5c-4d1f-b85f-f2dccee72a9d,H_PLUS_IA,castle,2,item_moved,SELECT,,,
2026-01-19T23:05:32.584375,0944ec51-8d5c-4d1f-b85f-f2dccee72a9d,H_PLUS_IA,castle,2,tool_change,SELECT,,,
2026-01-19T23:05:33.772852,0944ec51-8d5c-4d1f-b85f-f2dccee72a9d,H_PLUS_IA,castle,2,select_press,SELECT,QGraphicsEllipseItem,,
2026-01-19T23:05:34.297566,0944ec51-8d5c-4d1f-b85f-f2dccee72a9d,H_PLUS_IA,castle,2,item_moved,SELECT,,,
2026-01-19T23:05:35.643323,0944ec51-8d5c-4d1f-b85f-f2dccee72a9d,H_PLUS_IA,castle,2,select_press,SELECT,None,,
2026-01-19T23:05:36.085509,0944ec51-8d5c-4d1f-b85f-f2dccee72a9d,H_PLUS_IA,castle,2,item_moved,SELECT,,,
2026-01-19T23:05:36.508901,0944ec51-8d5c-4d1f-b85f-f2dccee72a9d,H_PLUS_IA,castle,2,select_press,SELECT,QGraphicsRectItem,,
2026-01-19T23:05:38.465507,0944ec51-8d5c-4d1f-b85f-f2dccee72a9d,H_PLUS_IA,castle,2,item_moved,SELECT,,,
2026-01-19T23:05:41.578877,0944ec51-8d5c-4d1f-b85f-f2dccee72a9d,H_PLUS_IA,castle,2,done_clicked,,,,
2026-01-19T23:05:41.579289,0944ec51-8d5c-4d1f-b85f-f2dccee72a9d,H_PLUS_IA,castle,2,trial_end,,,,duration_s=133.581
2026-01-19T23:05:45.806959,0944ec51-8d5c-4d1f-b85f-f2dccee72a9d,H_PLUS_IA,castle,2,self_eval,TEST,,,similarity=0.800
2026-01-19T23:05:45.810006,0944ec51-8d5c-4d1f-b85f-f2dccee72a9d,H_PLUS_IA,car,3,trial_start,,,,task=car
2026-01-19T23:05:50.364633,0944ec51-8d5c-4d1f-b85f-f2dccee72a9d,H_PLUS_IA,car,3,gen_add,GEN,,,Carrosserie:carrosserie_rouge|prompt=
2026-01-19T23:05:51.570841,0944ec51-8d5c-4d1f-b85f-f2dccee72a9d,H_PLUS_IA,car,3,select_press,SELECT,QGraphicsEllipseItem,,
2026-01-19T23:05:52.212527,0944ec51-8d5c-4d1f-b85f-f2dccee72a9d,H_PLUS_IA,car,3,item_moved,SELECT,,,
2026-01-19T23:05:56.838436,0944ec51-8d5c-4d1f-b85f-f2dccee72a9d,H_PLUS_IA,car,3,tool_change,SELECT,,,
2026-01-19T23:05:58.455607,0944ec51-8d5c-4d1f-b85f-f2dccee72a9d,H_PLUS_IA,car,3,select_press,SELECT,None,,
2026-01-19T23:05:59.247019,0944ec51-8d5c-4d1f-b85f-f2dccee72a9d,H_PLUS_IA,car,3,item_moved,SELECT,,,
2026-01-19T23:05:59.695127,0944ec51-8d5c-4d1f-b85f-f2dccee72a9d,H_PLUS_IA,car,3,select_press,SELECT,QGraphicsEllipseItem,,
2026-01-19T23:06:01.356507,0944ec51-8d5c-4d1f-b85f-f2dccee72a9d,H_PLUS_IA,car,3,item_moved,SELECT,,,
2026-01-19T23:06:01.621812,0944ec51-8d5c-4d1f-b85f-f2dccee72a9d,H_PLUS_IA,car,3,select_press,SELECT,None,,
2026-01-19T23:06:05.705685,0944ec51-8d5c-4d1f-b85f-f2dccee72a9d,H_PLUS_IA,car,3,gen_add,GEN,,,Roue:jante_claire|prompt=
2026-01-19T23:06:06.829006,0944ec51-8d5c-4d1f-b85f-f2dccee72a9d,H_PLUS_IA,car,3,select_press,SELECT,None,,
2026-01-19T23:06:07.916525,0944ec51-8d5c-4d1f-b85f-f2dccee72a9d,H_PLUS_IA,car,3,item_moved,SELECT,,,
2026-01-19T23:06:08.437044,0944ec51-8d5c-4d1f-b85f-f2dccee72a9d,H_PLUS_IA,car,3,select_press,SELECT,QGraphicsEllipseItem,,
2026-01-19T23:06:10.164554,0944ec51-8d5c-4d1f-b85f-f2dccee72a9d,H_PLUS_IA,car,3,item_moved,SELECT,,,
2026-01-19T23:06:11.630250,0944ec51-8d5c-4d1f-b85f-f2dccee72a9d,H_PLUS_IA,car,3,select_press,SELECT,QGraphicsLineItem,,
2026-01-19T23:06:12.687476,0944ec51-8d5c-4d1f-b85f-f2dccee72a9d,H_PLUS_IA,car,3,item_moved,SELECT,,,
2026-01-19T23:06:13.737849,0944ec51-8d5c-4d1f-b85f-f2dccee72a9d,H_PLUS_IA,car,3,select_press,SELECT,None,,
2026-01-19T23:06:21.487153,0944ec51-8d5c-4d1f-b85f-f2dccee72a9d,H_PLUS_IA,car,3,done_clicked,,,,
2026-01-19T23:06:21.487573,0944ec51-8d5c-4d1f-b85f-f2dccee72a9d,H_PLUS_IA,car,3,trial_end,,,,duration_s=35.677
2026-01-19T23:06:26.183771,0944ec51-8d5c-4d1f-b85f-f2dccee72a9d,H_PLUS_IA,car,3,self_eval,TEST,,,similarity=0.950
2026-01-19T23:06:26.185249,0944ec51-8d5c-4d1f-b85f-f2dccee72a9d,H_PLUS_IA,car,3,test_end,,,,completed
2026-01-20T06:32:05.433661,9e2bb3b8-f42c-4136-ab85-4db4ed42b003,,,,stroke_color_change,,,,
2026-01-20T06:32:05.441542,9e2bb3b8-f42c-4136-ab85-4db4ed42b003,,,,fill_color_change,,,,
2026-01-20T06:32:10.772513,9e2bb3b8-f42c-4136-ab85-4db4ed42b003,H_ONLY,,,test_start,,,,condition=H_ONLY;3_tasks_fixed_order
2026-01-20T06:32:10.773139,9e2bb3b8-f42c-4136-ab85-4db4ed42b003,H_ONLY,,,assistant_auto_toggle,,,,False
2026-01-20T06:32:10.773650,9e2bb3b8-f42c-4136-ab85-4db4ed42b003,H_ONLY,,,assistant_floating_toggle,,,,False
2026-01-20T06:32:10.774169,9e2bb3b8-f42c-4136-ab85-4db4ed42b003,H_ONLY,,,assistant_auto_toggle,,,,False
2026-01-20T06:32:10.774528,9e2bb3b8-f42c-4136-ab85-4db4ed42b003,H_ONLY,,,assistant_floating_toggle,,,,False
2026-01-20T06:32:10.781356,9e2bb3b8-f42c-4136-ab85-4db4ed42b003,H_ONLY,cat,1,trial_start,,,,task=cat
2026-01-20T06:32:13.995104,9e2bb3b8-f42c-4136-ab85-4db4ed42b003,H_ONLY,cat,1,tool_change,ELLIPSE,,,
2026-01-20T06:32:18.096332,9e2bb3b8-f42c-4136-ab85-4db4ed42b003,H_ONLY,cat,1,ellipse_start,ELLIPSE,,,
2026-01-20T06:32:20.781256,9e2bb3b8-f42c-4136-ab85-4db4ed42b003,H_ONLY,cat,1,ellipse_end,ELLIPSE,QGraphicsEllipseItem,,"x=450.0,y=199.0,w=165.0,h=161.0"
2026-01-20T06:32:24.458633,9e2bb3b8-f42c-4136-ab85-4db4ed42b003,H_ONLY,cat,1,tool_change,TRIANGLE,,,
2026-01-20T06:32:25.549849,9e2bb3b8-f42c-4136-ab85-4db4ed42b003,H_ONLY,cat,1,triangle_start,TRIANGLE,,,
2026-01-20T06:32:26.395758,9e2bb3b8-f42c-4136-ab85-4db4ed42b003,H_ONLY,cat,1,triangle_end,TRIANGLE,QGraphicsPolygonItem,,n_points=3
2026-01-20T06:32:31.091800,9e2bb3b8-f42c-4136-ab85-4db4ed42b003,H_ONLY,cat,1,tool_change,LINE,,,
2026-01-20T06:32:32.199226,9e2bb3b8-f42c-4136-ab85-4db4ed42b003,H_ONLY,cat,1,line_start,LINE,,,
2026-01-20T06:32:32.815962,9e2bb3b8-f42c-4136-ab85-4db4ed42b003,H_ONLY,cat,1,line_end,LINE,QGraphicsLineItem,,"(463.0,218.0)->(487.0,195.0)"
2026-01-20T06:32:33.618062,9e2bb3b8-f42c-4136-ab85-4db4ed42b003,H_ONLY,cat,1,line_start,LINE,,,
2026-01-20T06:32:34.436902,9e2bb3b8-f42c-4136-ab85-4db4ed42b003,H_ONLY,cat,1,line_end,LINE,QGraphicsLineItem,,"(464.0,211.0)->(467.0,139.0)"
2026-01-20T06:32:34.688938,9e2bb3b8-f42c-4136-ab85-4db4ed42b003,H_ONLY,cat,1,line_start,LINE,,,
2026-01-20T06:32:35.699884,9e2bb3b8-f42c-4136-ab85-4db4ed42b003,H_ONLY,cat,1,line_end,LINE,QGraphicsLineItem,,"(467.0,138.0)->(486.0,192.0)"
2026-01-20T06:32:37.168907,9e2bb3b8-f42c-4136-ab85-4db4ed42b003,H_ONLY,cat,1,line_start,LINE,,,
2026-01-20T06:32:38.595867,9e2bb3b8-f42c-4136-ab85-4db4ed42b003,H_ONLY,cat,1,line_end,LINE,QGraphicsLineItem,,"(577.0,197.0)->(603.0,223.0)"
2026-01-20T06:32:39.142036,9e2bb3b8-f42c-4136-ab85-4db4ed42b003,H_ONLY,cat,1,line_start,LINE,,,
2026-01-20T06:32:39.964810,9e2bb3b8-f42c-4136-ab85-4db4ed42b003,H_ONLY,cat,1,line_end,LINE,QGraphicsLineItem,,"(583.0,197.0)->(597.0,148.0)"
2026-01-20T06:32:40.622795,9e2bb3b8-f42c-4136-ab85-4db4ed42b003,H_ONLY,cat,1,line_start,LINE,,,
2026-01-20T06:32:42.572935,9e2bb3b8-f42c-4136-ab85-4db4ed42b003,H_ONLY,cat,1,line_end,LINE,QGraphicsLineItem,,"(599.0,149.0)->(603.0,214.0)"
2026-01-20T06:32:44.515746,9e2bb3b8-f42c-4136-ab85-4db4ed42b003,H_ONLY,cat,1,tool_change,ELLIPSE,,,
2026-01-20T06:32:47.984125,9e2bb3b8-f42c-4136-ab85-4db4ed42b003,H_ONLY,cat,1,fill_color_change,,,,
2026-01-20T06:32:50.274931,9e2bb3b8-f42c-4136-ab85-4db4ed42b003,H_ONLY,cat,1,ellipse_start,ELLIPSE,,,
2026-01-20T06:32:54.118806,9e2bb3b8-f42c-4136-ab85-4db4ed42b003,H_ONLY,cat,1,ellipse_end,ELLIPSE,QGraphicsEllipseItem,,"x=498.0,y=249.0,w=12.0,h=14.0"
2026-01-20T06:32:55.627670,9e2bb3b8-f42c-4136-ab85-4db4ed42b003,H_ONLY,cat,1,tool_change,SELECT,,,
2026-01-20T06:32:56.615503,9e2bb3b8-f42c-4136-ab85-4db4ed42b003,H_ONLY,cat,1,select_press,SELECT,QGraphicsEllipseItem,,
2026-01-20T06:32:58.454452,9e2bb3b8-f42c-4136-ab85-4db4ed42b003,H_ONLY,cat,1,select_press,SELECT,QGraphicsEllipseItem,,
2026-01-20T06:33:01.457811,9e2bb3b8-f42c-4136-ab85-4db4ed42b003,H_ONLY,cat,1,item_moved,SELECT,,,
2026-01-20T06:33:02.141469,9e2bb3b8-f42c-4136-ab85-4db4ed42b003,H_ONLY,cat,1,select_press,SELECT,QGraphicsEllipseItem,,
2026-01-20T06:33:07.637886,9e2bb3b8-f42c-4136-ab85-4db4ed42b003,H_ONLY,cat,1,item_moved,SELECT,,,
2026-01-20T06:33:10.747895,9e2bb3b8-f42c-4136-ab85-4db4ed42b003,H_ONLY,cat,1,tool_change,PEN,,,
2026-01-20T06:33:14.263121,9e2bb3b8-f42c-4136-ab85-4db4ed42b003,H_ONLY,cat,1,pen_start,PEN,,,
2026-01-20T06:33:20.921351,9e2bb3b8-f42c-4136-ab85-4db4ed42b003,H_ONLY,cat,1,pen_end,PEN,QGraphicsPathItem,158,
2026-01-20T06:33:23.456648,9e2bb3b8-f42c-4136-ab85-4db4ed42b003,H_ONLY,cat,1,tool_change,LINE,,,
2026-01-20T06:33:24.625159,9e2bb3b8-f42c-4136-ab85-4db4ed42b003,H_ONLY,cat,1,line_start,LINE,,,
2026-01-20T06:33:25.408458,9e2bb3b8-f42c-4136-ab85-4db4ed42b003,H_ONLY,cat,1,line_end,LINE,QGraphicsLineItem,,"(388.0,251.0)->(467.0,276.0)"
2026-01-20T06:33:26.108662,9e2bb3b8-f42c-4136-ab85-4db4ed42b003,H_ONLY,cat,1,line_start,LINE,,,
2026-01-20T06:33:26.883921,9e2bb3b8-f42c-4136-ab85-4db4ed42b003,H_ONLY,cat,1,line_end,LINE,QGraphicsLineItem,,"(389.0,292.0)->(461.0,292.0)"
2026-01-20T06:33:27.342989,9e2bb3b8-f42c-4136-ab85-4db4ed42b003,H_ONLY,cat,1,line_start,LINE,,,
2026-01-20T06:33:28.184783,9e2bb3b8-f42c-4136-ab85-4db4ed42b003,H_ONLY,cat,1,line_end,LINE,QGraphicsLineItem,,"(395.0,333.0)->(466.0,304.0)"
2026-01-20T06:33:28.958181,9e2bb3b8-f42c-4136-ab85-4db4ed42b003,H_ONLY,cat,1,line_start,LINE,,,
2026-01-20T06:33:29.752131,9e2bb3b8-f42c-4136-ab85-4db4ed42b003,H_ONLY,cat,1,line_end,LINE,QGraphicsLineItem,,"(592.0,273.0)->(695.0,247.0)"
2026-01-20T06:33:30.350662,9e2bb3b8-f42c-4136-ab85-4db4ed42b003,H_ONLY,cat,1,line_start,LINE,,,
2026-01-20T06:33:31.025850,9e2bb3b8-f42c-4136-ab85-4db4ed42b003,H_ONLY,cat,1,line_end,LINE,QGraphicsLineItem,,"(601.0,284.0)->(700.0,286.0)"
2026-01-20T06:33:31.912458,9e2bb3b8-f42c-4136-ab85-4db4ed42b003,H_ONLY,cat,1,line_start,LINE,,,
2026-01-20T06:33:32.925867,9e2bb3b8-f42c-4136-ab85-4db4ed42b003,H_ONLY,cat,1,line_end,LINE,QGraphicsLineItem,,"(604.0,295.0)->(691.0,314.0)"
2026-01-20T06:33:36.594506,9e2bb3b8-f42c-4136-ab85-4db4ed42b003,H_ONLY,cat,1,done_clicked,,,,
2026-01-20T06:33:36.595023,9e2bb3b8-f42c-4136-ab85-4db4ed42b003,H_ONLY,cat,1,trial_end,,,,duration_s=85.813
2026-01-20T06:33:50.923287,9e2bb3b8-f42c-4136-ab85-4db4ed42b003,H_ONLY,cat,1,self_eval,TEST,,,similarity=0.550
2026-01-20T06:33:50.938317,9e2bb3b8-f42c-4136-ab85-4db4ed42b003,H_ONLY,castle,2,trial_start,,,,task=castle
2026-01-20T06:33:57.557528,9e2bb3b8-f42c-4136-ab85-4db4ed42b003,H_ONLY,castle,2,fill_color_change,,,,
2026-01-20T06:34:00.168611,9e2bb3b8-f42c-4136-ab85-4db4ed42b003,H_ONLY,castle,2,line_start,LINE,,,
2026-01-20T06:34:00.772859,9e2bb3b8-f42c-4136-ab85-4db4ed42b003,H_ONLY,castle,2,line_end,LINE,QGraphicsLineItem,,"(68.0,40.0)->(200.0,346.0)"
2026-01-20T06:34:03.383603,9e2bb3b8-f42c-4136-ab85-4db4ed42b003,H_ONLY,castle,2,tool_change,RECT,,,
2026-01-20T06:34:04.220824,9e2bb3b8-f42c-4136-ab85-4db4ed42b003,H_ONLY,castle,2,rect_start,RECT,,,
2026-01-20T06:34:07.057595,9e2bb3b8-f42c-4136-ab85-4db4ed42b003,H_ONLY,castle,2,rect_end,RECT,QGraphicsRectItem,,"x=125.0,y=152.0,w=175.0,h=380.0"
2026-01-20T06:34:09.124963,9e2bb3b8-f42c-4136-ab85-4db4ed42b003,H_ONLY,castle,2,rect_start,RECT,,,
2026-01-20T06:34:13.826761,9e2bb3b8-f42c-4136-ab85-4db4ed42b003,H_ONLY,castle,2,rect_end,RECT,QGraphicsRectItem,,"x=301.0,y=248.0,w=317.0,h=285.0"
2026-01-20T06:34:14.911135,9e2bb3b8-f42c-4136-ab85-4db4ed42b003,H_ONLY,castle,2,rect_start,RECT,,,
2026-01-20T06:34:18.774863,9e2bb3b8-f42c-4136-ab85-4db4ed42b003,H_ONLY,castle,2,rect_end,RECT,QGraphicsRectItem,,"x=609.0,y=134.0,w=181.0,h=399.0"
2026-01-20T06:34:23.116622,9e2bb3b8-f42c-4136-ab85-4db4ed42b003,H_ONLY,castle,2,tool_change,SELECT,,,
2026-01-20T06:34:24.632050,9e2bb3b8-f42c-4136-ab85-4db4ed42b003,H_ONLY,castle,2,tool_change,RECT,,,
2026-01-20T06:34:29.061848,9e2bb3b8-f42c-4136-ab85-4db4ed42b003,H_ONLY,castle,2,rect_start,RECT,,,
2026-01-20T06:34:33.235724,9e2bb3b8-f42c-4136-ab85-4db4ed42b003,H_ONLY,castle,2,rect_end,RECT,QGraphicsRectItem,,"x=624.0,y=150.0,w=164.0,h=382.0"
2026-01-20T06:34:34.766638,9e2bb3b8-f42c-4136-ab85-4db4ed42b003,H_ONLY,castle,2,tool_change,SELECT,,,
2026-01-20T06:34:35.454077,9e2bb3b8-f42c-4136-ab85-4db4ed42b003,H_ONLY,castle,2,select_press,SELECT,QGraphicsRectItem,,
2026-01-20T06:34:36.430749,9e2bb3b8-f42c-4136-ab85-4db4ed42b003,H_ONLY,castle,2,item_moved,SELECT,,,
2026-01-20T06:34:36.742765,9e2bb3b8-f42c-4136-ab85-4db4ed42b003,H_ONLY,castle,2,select_press,SELECT,None,,
2026-01-20T06:34:42.827680,9e2bb3b8-f42c-4136-ab85-4db4ed42b003,H_ONLY,castle,2,tool_change,TRIANGLE,,,
2026-01-20T06:34:48.861965,9e2bb3b8-f42c-4136-ab85-4db4ed42b003,H_ONLY,castle,2,fill_color_change,,,,
2026-01-20T06:34:49.613963,9e2bb3b8-f42c-4136-ab85-4db4ed42b003,H_ONLY,castle,2,triangle_start,TRIANGLE,,,
2026-01-20T06:34:52.859708,9e2bb3b8-f42c-4136-ab85-4db4ed42b003,H_ONLY,castle,2,triangle_end,TRIANGLE,QGraphicsPolygonItem,,n_points=3
2026-01-20T06:34:53.642545,9e2bb3b8-f42c-4136-ab85-4db4ed42b003,H_ONLY,castle,2,tool_change,SELECT,,,
2026-01-20T06:34:54.082061,9e2bb3b8-f42c-4136-ab85-4db4ed42b003,H_ONLY,castle,2,select_press,SELECT,QGraphicsPolygonItem,,
2026-01-20T06:34:56.223737,9e2bb3b8-f42c-4136-ab85-4db4ed42b003,H_ONLY,castle,2,item_moved,SELECT,,,
2026-01-20T06:34:57.742505,9e2bb3b8-f42c-4136-ab85-4db4ed42b003,H_ONLY,castle,2,select_press,SELECT,QGraphicsPolygonItem,,
2026-01-20T06:34:59.773722,9e2bb3b8-f42c-4136-ab85-4db4ed42b003,H_ONLY,castle,2,item_moved,SELECT,,,
2026-01-20T06:35:00.922869,9e2bb3b8-f42c-4136-ab85-4db4ed42b003,H_ONLY,castle,2,select_press,SELECT,None,,
2026-01-20T06:35:03.952527,9e2bb3b8-f42c-4136-ab85-4db4ed42b003,H_ONLY,castle,2,tool_change,RECT,,,
2026-01-20T06:35:07.552681,9e2bb3b8-f42c-4136-ab85-4db4ed42b003,H_ONLY,castle,2,stroke_color_change,,,,
2026-01-20T06:35:10.393496,9e2bb3b8-f42c-4136-ab85-4db4ed42b003,H_ONLY,castle,2,fill_color_change,,,,
2026-01-20T06:35:10.878785,9e2bb3b8-f42c-4136-ab85-4db4ed42b003,H_ONLY,castle,2,fill_color_change,,,,
2026-01-20T06:35:11.868633,9e2bb3b8-f42c-4136-ab85-4db4ed42b003,H_ONLY,castle,2,tool_change,RECT,,,
2026-01-20T06:35:12.759787,9e2bb3b8-f42c-4136-ab85-4db4ed42b003,H_ONLY,castle,2,rect_start,RECT,,,
2026-01-20T06:35:14.601436,9e2bb3b8-f42c-4136-ab85-4db4ed42b003,H_ONLY,castle,2,rect_end,RECT,QGraphicsRectItem,,"x=411.0,y=360.0,w=109.0,h=176.0"
2026-01-20T06:35:18.730055,9e2bb3b8-f42c-4136-ab85-4db4ed42b003,H_ONLY,castle,2,fill_color_change,,,,
2026-01-20T06:35:20.260826,9e2bb3b8-f42c-4136-ab85-4db4ed42b003,H_ONLY,castle,2,stroke_color_change,,,,
2026-01-20T06:35:21.225078,9e2bb3b8-f42c-4136-ab85-4db4ed42b003,H_ONLY,castle,2,rect_start,RECT,,,
2026-01-20T06:35:24.154772,9e2bb3b8-f42c-4136-ab85-4db4ed42b003,H_ONLY,castle,2,rect_end,RECT,QGraphicsRectItem,,"x=418.0,y=377.0,w=93.0,h=155.0"
2026-01-20T06:35:26.679601,9e2bb3b8-f42c-4136-ab85-4db4ed42b003,H_ONLY,castle,2,tool_change,ELLIPSE,,,
2026-01-20T06:35:44.652602,9e2bb3b8-f42c-4136-ab85-4db4ed42b003,H_ONLY,castle,2,stroke_color_change,,,,
2026-01-20T06:35:47.202848,9e2bb3b8-f42c-4136-ab85-4db4ed42b003,H_ONLY,castle,2,ellipse_start,ELLIPSE,,,
2026-01-20T06:35:51.452750,9e2bb3b8-f42c-4136-ab85-4db4ed42b003,H_ONLY,castle,2,ellipse_end,ELLIPSE,QGraphicsEllipseItem,,"x=418.0,y=332.0,w=93.0,h=91.0"
2026-01-20T06:35:52.808557,9e2bb3b8-f42c-4136-ab85-4db4ed42b003,H_ONLY,castle,2,tool_change,SELECT,,,
2026-01-20T06:35:53.962443,9e2bb3b8-f42c-4136-ab85-4db4ed42b003,H_ONLY,castle,2,tool_change,LINE,,,
2026-01-20T06:35:55.215740,9e2bb3b8-f42c-4136-ab85-4db4ed42b003,H_ONLY,castle,2,stroke_color_change,,,,
2026-01-20T06:35:56.246936,9e2bb3b8-f42c-4136-ab85-4db4ed42b003,H_ONLY,castle,2,fill_color_change,,,,
2026-01-20T06:35:58.229710,9e2bb3b8-f42c-4136-ab85-4db4ed42b003,H_ONLY,castle,2,line_start,LINE,,,
2026-01-20T06:36:01.717644,9e2bb3b8-f42c-4136-ab85-4db4ed42b003,H_ONLY,castle,2,line_end,LINE,QGraphicsLineItem,,"(465.0,334.0)->(465.0,530.0)"
2026-01-20T06:36:03.461538,9e2bb3b8-f42c-4136-ab85-4db4ed42b003,H_ONLY,castle,2,tool_change,ELLIPSE,,,
2026-01-20T06:36:06.394116,9e2bb3b8-f42c-4136-ab85-4db4ed42b003,H_ONLY,castle,2,ellipse_start,ELLIPSE,,,
2026-01-20T06:36:09.238652,9e2bb3b8-f42c-4136-ab85-4db4ed42b003,H_ONLY,castle,2,ellipse_end,ELLIPSE,QGraphicsEllipseItem,,"x=448.0,y=441.0,w=9.0,h=15.0"
2026-01-20T06:36:11.811538,9e2bb3b8-f42c-4136-ab85-4db4ed42b003,H_ONLY,castle,2,tool_change,SELECT,,,
2026-01-20T06:36:13.139713,9e2bb3b8-f42c-4136-ab85-4db4ed42b003,H_ONLY,castle,2,select_press,SELECT,QGraphicsEllipseItem,,
2026-01-20T06:36:14.852740,9e2bb3b8-f42c-4136-ab85-4db4ed42b003,H_ONLY,castle,2,select_press,SELECT,QGraphicsEllipseItem,,
2026-01-20T06:36:16.551501,9e2bb3b8-f42c-4136-ab85-4db4ed42b003,H_ONLY,castle,2,item_moved,SELECT,,,
2026-01-20T06:36:16.877791,9e2bb3b8-f42c-4136-ab85-4db4ed42b003,H_ONLY,castle,2,select_press,SELECT,None,,
2026-01-20T06:36:20.795109,9e2bb3b8-f42c-4136-ab85-4db4ed42b003,H_ONLY,castle,2,done_clicked,,,,
2026-01-20T06:36:20.795526,9e2bb3b8-f42c-4136-ab85-4db4ed42b003,H_ONLY,castle,2,trial_end,,,,duration_s=149.857
2026-01-20T06:36:33.292009,9e2bb3b8-f42c-4136-ab85-4db4ed42b003,H_ONLY,castle,2,self_eval,TEST,,,similarity=0.850
2026-01-20T06:36:33.303811,9e2bb3b8-f42c-4136-ab85-4db4ed42b003,H_ONLY,car,3,trial_start,,,,task=car
2026-01-20T06:36:36.456933,9e2bb3b8-f42c-4136-ab85-4db4ed42b003,H_ONLY,car,3,tool_change,ELLIPSE,,,
2026-01-20T06:36:38.023814,9e2bb3b8-f42c-4136-ab85-4db4ed42b003,H_ONLY,car,3,stroke_color_change,,,,
2026-01-20T06:36:39.011666,9e2bb3b8-f42c-4136-ab85-4db4ed42b003,H_ONLY,car,3,fill_color_change,,,,
2026-01-20T06:36:41.639014,9e2bb3b8-f42c-4136-ab85-4db4ed42b003,H_ONLY,car,3,ellipse_start,ELLIPSE,,,
2026-01-20T06:36:44.075632,9e2bb3b8-f42c-4136-ab85-4db4ed42b003,H_ONLY,car,3,ellipse_end,ELLIPSE,QGraphicsEllipseItem,,"x=187.0,y=311.0,w=190.0,h=67.0"
2026-01-20T06:36:44.495728,9e2bb3b8-f42c-4136-ab85-4db4ed42b003,H_ONLY,car,3,ellipse_start,ELLIPSE,,,
2026-01-20T06:36:46.801573,9e2bb3b8-f42c-4136-ab85-4db4ed42b003,H_ONLY,car,3,ellipse_end,ELLIPSE,QGraphicsEllipseItem,,"x=338.0,y=256.0,w=290.0,h=138.0"
2026-01-20T06:36:47.614146,9e2bb3b8-f42c-4136-ab85-4db4ed42b003,H_ONLY,car,3,tool_change,SELECT,,,
2026-01-20T06:36:48.007728,9e2bb3b8-f42c-4136-ab85-4db4ed42b003,H_ONLY,car,3,select_press,SELECT,QGraphicsEllipseItem,,
2026-01-20T06:36:51.596463,9e2bb3b8-f42c-4136-ab85-4db4ed42b003,H_ONLY,car,3,item_moved,SELECT,,,
2026-01-20T06:36:52.065208,9e2bb3b8-f42c-4136-ab85-4db4ed42b003,H_ONLY,car,3,select_press,SELECT,None,,
2026-01-20T06:36:54.589985,9e2bb3b8-f42c-4136-ab85-4db4ed42b003,H_ONLY,car,3,tool_change,RECT,,,
2026-01-20T06:36:57.722194,9e2bb3b8-f42c-4136-ab85-4db4ed42b003,H_ONLY,car,3,stroke_color_change,,,,
2026-01-20T06:37:00.959478,9e2bb3b8-f42c-4136-ab85-4db4ed42b003,H_ONLY,car,3,fill_color_change,,,,
2026-01-20T06:37:01.972449,9e2bb3b8-f42c-4136-ab85-4db4ed42b003,H_ONLY,car,3,tool_change,RECT,,,
2026-01-20T06:37:03.082734,9e2bb3b8-f42c-4136-ab85-4db4ed42b003,H_ONLY,car,3,rect_start,RECT,,,
2026-01-20T06:37:05.776663,9e2bb3b8-f42c-4136-ab85-4db4ed42b003,H_ONLY,car,3,rect_end,RECT,QGraphicsRectItem,,"x=182.0,y=337.0,w=432.0,h=82.0"
2026-01-20T06:37:07.636466,9e2bb3b8-f42c-4136-ab85-4db4ed42b003,H_ONLY,car,3,tool_change,ELLIPSE,,,
2026-01-20T06:37:08.513424,9e2bb3b8-f42c-4136-ab85-4db4ed42b003,H_ONLY,car,3,ellipse_start,ELLIPSE,,,
2026-01-20T06:37:12.341518,9e2bb3b8-f42c-4136-ab85-4db4ed42b003,H_ONLY,car,3,ellipse_end,ELLIPSE,QGraphicsEllipseItem,,"x=357.0,y=317.0,w=62.0,h=56.0"
2026-01-20T06:37:13.307483,9e2bb3b8-f42c-4136-ab85-4db4ed42b003,H_ONLY,car,3,tool_change,SELECT,,,
2026-01-20T06:37:13.983108,9e2bb3b8-f42c-4136-ab85-4db4ed42b003,H_ONLY,car,3,select_press,SELECT,QGraphicsEllipseItem,,
2026-01-20T06:37:14.636426,9e2bb3b8-f42c-4136-ab85-4db4ed42b003,H_ONLY,car,3,item_moved,SELECT,,,
2026-01-20T06:37:16.189220,9e2bb3b8-f42c-4136-ab85-4db4ed42b003,H_ONLY,car,3,select_press,SELECT,QGraphicsEllipseItem,,
2026-01-20T06:37:19.881560,9e2bb3b8-f42c-4136-ab85-4db4ed42b003,H_ONLY,car,3,item_moved,SELECT,,,
2026-01-20T06:37:20.154172,9e2bb3b8-f42c-4136-ab85-4db4ed42b003,H_ONLY,car,3,select_press,SELECT,None,,
2026-01-20T06:37:26.191055,9e2bb3b8-f42c-4136-ab85-4db4ed42b003,H_ONLY,car,3,tool_change,ELLIPSE,,,
2026-01-20T06:37:27.014618,9e2bb3b8-f42c-4136-ab85-4db4ed42b003,H_ONLY,car,3,stroke_color_change,,,,
2026-01-20T06:37:28.266617,9e2bb3b8-f42c-4136-ab85-4db4ed42b003,H_ONLY,car,3,fill_color_change,,,,
2026-01-20T06:37:29.909500,9e2bb3b8-f42c-4136-ab85-4db4ed42b003,H_ONLY,car,3,ellipse_start,ELLIPSE,,,
2026-01-20T06:37:31.469544,9e2bb3b8-f42c-4136-ab85-4db4ed42b003,H_ONLY,car,3,ellipse_end,ELLIPSE,QGraphicsEllipseItem,,"x=369.0,y=323.0,w=51.0,h=51.0"
2026-01-20T06:37:34.994483,9e2bb3b8-f42c-4136-ab85-4db4ed42b003,H_ONLY,car,3,ellipse_start,ELLIPSE,,,
2026-01-20T06:37:40.046546,9e2bb3b8-f42c-4136-ab85-4db4ed42b003,H_ONLY,car,3,ellipse_end,ELLIPSE,QGraphicsEllipseItem,,"x=361.0,y=328.0,w=50.0,h=47.0"
2026-01-20T06:37:40.954346,9e2bb3b8-f42c-4136-ab85-4db4ed42b003,H_ONLY,car,3,tool_change,SELECT,,,
2026-01-20T06:37:41.948338,9e2bb3b8-f42c-4136-ab85-4db4ed42b003,H_ONLY,car,3,select_press,SELECT,QGraphicsEllipseItem,,
2026-01-20T06:37:44.203489,9e2bb3b8-f42c-4136-ab85-4db4ed42b003,H_ONLY,car,3,item_moved,SELECT,,,
2026-01-20T06:37:44.623784,9e2bb3b8-f42c-4136-ab85-4db4ed42b003,H_ONLY,car,3,select_press,SELECT,None,,
2026-01-20T06:37:46.081318,9e2bb3b8-f42c-4136-ab85-4db4ed42b003,H_ONLY,car,3,select_press,SELECT,QGraphicsEllipseItem,,
2026-01-20T06:37:49.360602,9e2bb3b8-f42c-4136-ab85-4db4ed42b003,H_ONLY,car,3,stroke_color_change,,,,
2026-01-20T06:37:50.098448,9e2bb3b8-f42c-4136-ab85-4db4ed42b003,H_ONLY,car,3,fill_color_change,,,,
2026-01-20T06:37:52.541073,9e2bb3b8-f42c-4136-ab85-4db4ed42b003,H_ONLY,car,3,select_press,SELECT,QGraphicsEllipseItem,,
2026-01-20T06:37:53.202481,9e2bb3b8-f42c-4136-ab85-4db4ed42b003,H_ONLY,car,3,item_moved,SELECT,,,
2026-01-20T06:37:55.935409,9e2bb3b8-f42c-4136-ab85-4db4ed42b003,H_ONLY,car,3,tool_change,ELLIPSE,,,
2026-01-20T06:37:58.079606,9e2bb3b8-f42c-4136-ab85-4db4ed42b003,H_ONLY,car,3,ellipse_start,ELLIPSE,,,
2026-01-20T06:38:04.004343,9e2bb3b8-f42c-4136-ab85-4db4ed42b003,H_ONLY,car,3,ellipse_end,ELLIPSE,QGraphicsEllipseItem,,"x=368.0,y=335.0,w=34.0,h=34.0"
2026-01-20T06:38:04.810355,9e2bb3b8-f42c-4136-ab85-4db4ed42b003,H_ONLY,car,3,tool_change,SELECT,,,
2026-01-20T06:38:05.523026,9e2bb3b8-f42c-4136-ab85-4db4ed42b003,H_ONLY,car,3,select_press,SELECT,QGraphicsEllipseItem,,
2026-01-20T06:38:09.531175,9e2bb3b8-f42c-4136-ab85-4db4ed42b003,H_ONLY,car,3,select_press,SELECT,None,,
2026-01-20T06:38:11.836403,9e2bb3b8-f42c-4136-ab85-4db4ed42b003,H_ONLY,car,3,tool_change,PEN,,,
2026-01-20T06:38:13.586089,9e2bb3b8-f42c-4136-ab85-4db4ed42b003,H_ONLY,car,3,tool_change,LINE,,,
2026-01-20T06:38:15.146670,9e2bb3b8-f42c-4136-ab85-4db4ed42b003,H_ONLY,car,3,line_start,LINE,,,
2026-01-20T06:38:15.611463,9e2bb3b8-f42c-4136-ab85-4db4ed42b003,H_ONLY,car,3,line_end,LINE,QGraphicsLineItem,,"(372.0,335.0)->(392.0,362.0)"
2026-01-20T06:38:25.723212,9e2bb3b8-f42c-4136-ab85-4db4ed42b003,H_ONLY,car,3,stroke_color_change,,,,
2026-01-20T06:38:27.480656,9e2bb3b8-f42c-4136-ab85-4db4ed42b003,H_ONLY,car,3,line_start,LINE,,,
2026-01-20T06:38:28.178669,9e2bb3b8-f42c-4136-ab85-4db4ed42b003,H_ONLY,car,3,line_end,LINE,QGraphicsLineItem,,"(369.0,331.0)->(393.0,362.0)"
2026-01-20T06:38:29.506006,9e2bb3b8-f42c-4136-ab85-4db4ed42b003,H_ONLY,car,3,line_start,LINE,,,
2026-01-20T06:38:31.106648,9e2bb3b8-f42c-4136-ab85-4db4ed42b003,H_ONLY,car,3,line_end,LINE,QGraphicsLineItem,,"(371.0,363.0)->(393.0,331.0)"
2026-01-20T06:38:33.996590,9e2bb3b8-f42c-4136-ab85-4db4ed42b003,H_ONLY,car,3,line_start,LINE,,,
2026-01-20T06:38:35.632661,9e2bb3b8-f42c-4136-ab85-4db4ed42b003,H_ONLY,car,3,line_end,LINE,QGraphicsLineItem,,"(363.0,339.0)->(399.0,352.0)"
2026-01-20T06:38:36.669574,9e2bb3b8-f42c-4136-ab85-4db4ed42b003,H_ONLY,car,3,line_start,LINE,,,
2026-01-20T06:38:37.640599,9e2bb3b8-f42c-4136-ab85-4db4ed42b003,H_ONLY,car,3,line_end,LINE,QGraphicsLineItem,,"(369.0,353.0)->(399.0,338.0)"
2026-01-20T06:38:39.756236,9e2bb3b8-f42c-4136-ab85-4db4ed42b003,H_ONLY,car,3,line_start,LINE,,,
2026-01-20T06:38:40.917572,9e2bb3b8-f42c-4136-ab85-4db4ed42b003,H_ONLY,car,3,line_end,LINE,QGraphicsLineItem,,"(364.0,354.0)->(399.0,339.0)"
2026-01-20T06:38:42.206016,9e2bb3b8-f42c-4136-ab85-4db4ed42b003,H_ONLY,car,3,line_start,LINE,,,
2026-01-20T06:38:43.859594,9e2bb3b8-f42c-4136-ab85-4db4ed42b003,H_ONLY,car,3,line_end,LINE,QGraphicsLineItem,,"(384.0,328.0)->(381.0,362.0)"
2026-01-20T06:38:45.456432,9e2bb3b8-f42c-4136-ab85-4db4ed42b003,H_ONLY,car,3,tool_change,SELECT,,,
2026-01-20T06:38:47.294075,9e2bb3b8-f42c-4136-ab85-4db4ed42b003,H_ONLY,car,3,select_press,SELECT,QGraphicsEllipseItem,,
2026-01-20T06:38:49.289605,9e2bb3b8-f42c-4136-ab85-4db4ed42b003,H_ONLY,car,3,item_moved,SELECT,,,
2026-01-20T06:38:49.980187,9e2bb3b8-f42c-4136-ab85-4db4ed42b003,H_ONLY,car,3,select_press,SELECT,QGraphicsRectItem,,
2026-01-20T06:38:51.395617,9e2bb3b8-f42c-4136-ab85-4db4ed42b003,H_ONLY,car,3,item_moved,SELECT,,,
2026-01-20T06:38:52.903620,9e2bb3b8-f42c-4136-ab85-4db4ed42b003,H_ONLY,car,3,select_press,SELECT,None,,
2026-01-20T06:38:54.573487,9e2bb3b8-f42c-4136-ab85-4db4ed42b003,H_ONLY,car,3,item_moved,SELECT,,,
2026-01-20T06:38:56.449238,9e2bb3b8-f42c-4136-ab85-4db4ed42b003,H_ONLY,car,3,select_press,SELECT,QGraphicsRectItem,,
2026-01-20T06:38:58.642422,9e2bb3b8-f42c-4136-ab85-4db4ed42b003,H_ONLY,car,3,item_moved,SELECT,,,
2026-01-20T06:38:58.912568,9e2bb3b8-f42c-4136-ab85-4db4ed42b003,H_ONLY,car,3,select_press,SELECT,None,,
2026-01-20T06:39:00.326389,9e2bb3b8-f42c-4136-ab85-4db4ed42b003,H_ONLY,car,3,tool_change,ERASER,,,
2026-01-20T06:39:00.820506,9e2bb3b8-f42c-4136-ab85-4db4ed42b003,H_ONLY,car,3,erase,ERASER,QGraphicsEllipseItem,,move
2026-01-20T06:39:00.895773,9e2bb3b8-f42c-4136-ab85-4db4ed42b003,H_ONLY,car,3,erase,ERASER,QGraphicsRectItem,,move
2026-01-20T06:39:01.665467,9e2bb3b8-f42c-4136-ab85-4db4ed42b003,H_ONLY,car,3,erase,ERASER,QGraphicsEllipseItem,,move
2026-01-20T06:39:03.480375,9e2bb3b8-f42c-4136-ab85-4db4ed42b003,H_ONLY,car,3,tool_change,SELECT,,,
2026-01-20T06:39:03.927203,9e2bb3b8-f42c-4136-ab85-4db4ed42b003,H_ONLY,car,3,select_press,SELECT,None,,
2026-01-20T06:39:04.508637,9e2bb3b8-f42c-4136-ab85-4db4ed42b003,H_ONLY,car,3,item_moved,SELECT,,,
2026-01-20T06:39:04.992371,9e2bb3b8-f42c-4136-ab85-4db4ed42b003,H_ONLY,car,3,select_press,SELECT,QGraphicsLineItem,,
2026-01-20T06:39:05.659404,9e2bb3b8-f42c-4136-ab85-4db4ed42b003,H_ONLY,car,3,item_moved,SELECT,,,
2026-01-20T06:39:07.868355,9e2bb3b8-f42c-4136-ab85-4db4ed42b003,H_ONLY,car,3,tool_change,SELECT,,,
2026-01-20T06:39:08.434295,9e2bb3b8-f42c-4136-ab85-4db4ed42b003,H_ONLY,car,3,select_press,SELECT,None,,
2026-01-20T06:39:08.965451,9e2bb3b8-f42c-4136-ab85-4db4ed42b003,H_ONLY,car,3,item_moved,SELECT,,,
2026-01-20T06:39:09.898307,9e2bb3b8-f42c-4136-ab85-4db4ed42b003,H_ONLY,car,3,tool_change,ERASER,,,
2026-01-20T06:39:12.836766,9e2bb3b8-f42c-4136-ab85-4db4ed42b003,H_ONLY,car,3,erase,ERASER,QGraphicsEllipseItem,,move
2026-01-20T06:39:16.029175,9e2bb3b8-f42c-4136-ab85-4db4ed42b003,H_ONLY,car,3,tool_change,SELECT,,,
2026-01-20T06:39:16.495144,9e2bb3b8-f42c-4136-ab85-4db4ed42b003,H_ONLY,car,3,select_press,SELECT,None,,
2026-01-20T06:39:16.871637,9e2bb3b8-f42c-4136-ab85-4db4ed42b003,H_ONLY,car,3,item_moved,SELECT,,,
2026-01-20T06:39:17.377868,9e2bb3b8-f42c-4136-ab85-4db4ed42b003,H_ONLY,car,3,select_press,SELECT,QGraphicsLineItem,,
2026-01-20T06:39:19.858520,9e2bb3b8-f42c-4136-ab85-4db4ed42b003,H_ONLY,car,3,item_moved,SELECT,,,
2026-01-20T06:39:20.194285,9e2bb3b8-f42c-4136-ab85-4db4ed42b003,H_ONLY,car,3,select_press,SELECT,None,,
2026-01-20T06:39:23.984819,9e2bb3b8-f42c-4136-ab85-4db4ed42b003,H_ONLY,car,3,done_clicked,,,,
2026-01-20T06:39:23.985228,9e2bb3b8-f42c-4136-ab85-4db4ed42b003,H_ONLY,car,3,trial_end,,,,duration_s=170.681
2026-01-20T06:39:32.613891,9e2bb3b8-f42c-4136-ab85-4db4ed42b003,H_ONLY,car,3,self_eval,TEST,,,similarity=0.750
2026-01-20T06:39:32.617442,9e2bb3b8-f42c-4136-ab85-4db4ed42b003,H_ONLY,car,3,test_end,,,,completed