timestamp,session_id,event_type,tool,item_type,n_points,stroke_color,fill_color,notes
2026-01-15T10:07:30.703021,b97338fa-8054-45e4-ad37-15158f06e010,tool_change,LINE,,,,,
2026-01-15T10:07:31.124154,b97338fa-8054-45e4-ad37-15158f06e010,line_start,LINE,,,,,
2026-01-15T10:07:32.403626,b97338fa-8054-45e4-ad37-15158f06e010,line_end,LINE,QGraphicsLineItem,,,,"(419.0,180.0)->(205.0,179.0)"
2026-01-15T10:07:33.201078,b97338fa-8054-45e4-ad37-15158f06e010,stroke_color_change,,,,#e53935,,
2026-01-15T10:07:33.615980,b97338fa-8054-45e4-ad37-15158f06e010,line_start,LINE,,,,,
2026-01-15T10:07:34.413572,b97338fa-8054-45e4-ad37-15158f06e010,line_end,LINE,QGraphicsLineItem,,,,"(362.0,232.0)->(353.0,378.0)"
2026-01-15T10:07:38.980907,b97338fa-8054-45e4-ad37-15158f06e010,fill_color_change,,,,,none,
2026-01-15T10:07:39.781170,b97338fa-8054-45e4-ad37-15158f06e010,fill_color_change,,,,,#ffcdd2,
2026-01-15T10:07:40.471114,b97338fa-8054-45e4-ad37-15158f06e010,fill_color_change,,,,,none,
2026-01-15T10:07:43.546926,b97338fa-8054-45e4-ad37-15158f06e010,tool_change,PEN,,,,,
2026-01-15T10:07:44.031421,b97338fa-8054-45e4-ad37-15158f06e010,pen_start,PEN,,,,,
2026-01-15T10:07:45.878000,b97338fa-8054-45e4-ad37-15158f06e010,pen_end,PEN,QGraphicsPathItem,501,,,
2026-01-15T10:07:47.377794,b97338fa-8054-45e4-ad37-15158f06e010,tool_change,RECT,,,,,
2026-01-15T10:07:49.317944,b97338fa-8054-45e4-ad37-15158f06e010,fill_color_change,,,,,#c8e6c9,
2026-01-15T10:07:49.735581,b97338fa-8054-45e4-ad37-15158f06e010,rect_start,RECT,,,,,
2026-01-15T10:07:50.456108,b97338fa-8054-45e4-ad37-15158f06e010,rect_end,RECT,QGraphicsRectItem,,,,"x=803.0,y=100.0,w=166.0,h=163.0"
2026-01-15T10:07:56.544923,b97338fa-8054-45e4-ad37-15158f06e010,tool_change,SELECT,,,,,
2026-01-15T10:07:56.977142,b97338fa-8054-45e4-ad37-15158f06e010,select_press,SELECT,None,,,,
2026-01-15T10:07:57.278460,b97338fa-8054-45e4-ad37-15158f06e010,item_moved,SELECT,,,,,
2026-01-15T10:07:57.523898,b97338fa-8054-45e4-ad37-15158f06e010,select_press,SELECT,QGraphicsRectItem,,,,
2026-01-15T10:07:58.959935,b97338fa-8054-45e4-ad37-15158f06e010,item_moved,SELECT,,,,,
2026-01-15T10:07:59.130980,b97338fa-8054-45e4-ad37-15158f06e010,select_press,SELECT,None,,,,
2026-01-15T13:54:28.486340,4e006741-c873-4297-9751-1e459b451a67,stroke_color_change,,,,#e53935,,
2026-01-15T13:54:28.832854,4e006741-c873-4297-9751-1e459b451a67,select_press,SELECT,None,,,,
2026-01-15T13:54:29.462975,4e006741-c873-4297-9751-1e459b451a67,item_moved,SELECT,,,,,
2026-01-15T13:54:30.383895,4e006741-c873-4297-9751-1e459b451a67,tool_change,PEN,,,,,
2026-01-15T13:54:30.744069,4e006741-c873-4297-9751-1e459b451a67,pen_start,PEN,,,,,
2026-01-15T13:54:31.950839,4e006741-c873-4297-9751-1e459b451a67,pen_end,PEN,QGraphicsPathItem,574,,,
2026-01-15T13:54:32.860992,4e006741-c873-4297-9751-1e459b451a67,tool_change,SELECT,,,,,
2026-01-15T13:54:33.117057,4e006741-c873-4297-9751-1e459b451a67,select_press,SELECT,None,,,,
2026-01-15T13:54:33.458562,4e006741-c873-4297-9751-1e459b451a67,item_moved,SELECT,,,,,
2026-01-15T13:54:33.738002,4e006741-c873-4297-9751-1e459b451a67,select_press,SELECT,QGraphicsPathItem,,,,
2026-01-15T13:54:34.086651,4e006741-c873-4297-9751-1e459b451a67,item_moved,SELECT,,,,,
2026-01-15T13:54:35.112864,4e006741-c873-4297-9751-1e459b451a67,tool_change,LINE,,,,,
2026-01-15T13:54:36.097822,4e006741-c873-4297-9751-1e459b451a67,stroke_color_change,,,,#fb8c00,,
2026-01-15T13:54:36.644919,4e006741-c873-4297-9751-1e459b451a67,line_start,LINE,,,,,
2026-01-15T13:54:37.199034,4e006741-c873-4297-9751-1e459b451a67,line_end,LINE,QGraphicsLineItem,,,,"(626.0,189.0)->(614.0,533.0)"
2026-01-15T13:54:37.567901,4e006741-c873-4297-9751-1e459b451a67,line_start,LINE,,,,,
2026-01-15T13:54:38.230681,4e006741-c873-4297-9751-1e459b451a67,line_end,LINE,QGraphicsLineItem,,,,"(441.0,350.0)->(831.0,362.0)"
2026-01-15T13:54:38.458290,4e006741-c873-4297-9751-1e459b451a67,line_start,LINE,,,,,
2026-01-15T13:54:38.538928,4e006741-c873-4297-9751-1e459b451a67,line_end,LINE,QGraphicsLineItem,,,,"(875.0,336.0)->(875.0,335.0)"
2026-01-15T13:54:39.756009,4e006741-c873-4297-9751-1e459b451a67,tool_change,SELECT,,,,,
2026-01-15T13:54:40.047655,4e006741-c873-4297-9751-1e459b451a67,select_press,SELECT,None,,,,
2026-01-15T13:54:40.429947,4e006741-c873-4297-9751-1e459b451a67,item_moved,SELECT,,,,,
2026-01-15T13:54:41.873628,4e006741-c873-4297-9751-1e459b451a67,tool_change,ERASER,,,,,
2026-01-15T13:54:42.420949,4e006741-c873-4297-9751-1e459b451a67,erase,ERASER,QGraphicsLineItem,,,,move
2026-01-15T13:54:43.162905,4e006741-c873-4297-9751-1e459b451a67,erase,ERASER,QGraphicsLineItem,,,,move
2026-01-15T13:54:49.774027,4e006741-c873-4297-9751-1e459b451a67,stroke_color_change,,,,#8e24aa,,
2026-01-15T13:54:50.472739,4e006741-c873-4297-9751-1e459b451a67,erase,ERASER,QGraphicsPathItem,,,,
2026-01-15T13:54:53.010823,4e006741-c873-4297-9751-1e459b451a67,tool_change,PEN,,,,,
2026-01-15T13:54:53.543954,4e006741-c873-4297-9751-1e459b451a67,pen_start,PEN,,,,,
2026-01-15T13:54:53.934763,4e006741-c873-4297-9751-1e459b451a67,pen_end,PEN,QGraphicsPathItem,157,,,
2026-01-15T13:54:54.465973,4e006741-c873-4297-9751-1e459b451a67,pen_start,PEN,,,,,
2026-01-15T13:54:54.830145,4e006741-c873-4297-9751-1e459b451a67,pen_end,PEN,QGraphicsPathItem,163,,,
2026-01-15T13:54:55.268946,4e006741-c873-4297-9751-1e459b451a67,pen_start,PEN,,,,,
2026-01-15T13:54:55.644858,4e006741-c873-4297-9751-1e459b451a67,pen_end,PEN,QGraphicsPathItem,134,,,
2026-01-15T14:08:46.421551,8679e8b9-da54-4d90-b8ec-db8039f93302,tool_change,RECT,,,,,
2026-01-15T14:08:47.241184,8679e8b9-da54-4d90-b8ec-db8039f93302,stroke_color_change,,,,#8e24aa,,
2026-01-15T14:08:48.030780,8679e8b9-da54-4d90-b8ec-db8039f93302,fill_color_change,,,,,#ffcdd2,
2026-01-15T14:08:48.582096,8679e8b9-da54-4d90-b8ec-db8039f93302,rect_start,RECT,,,,,
2026-01-15T14:08:49.235063,8679e8b9-da54-4d90-b8ec-db8039f93302,rect_end,RECT,QGraphicsRectItem,,,,"x=416.0,y=128.0,w=250.0,h=229.0"
2026-01-15T14:08:50.837071,8679e8b9-da54-4d90-b8ec-db8039f93302,stroke_color_change,,,,#43a047,,
2026-01-15T14:08:51.457007,8679e8b9-da54-4d90-b8ec-db8039f93302,fill_color_change,,,,,#c8e6c9,
2026-01-15T14:08:52.041713,8679e8b9-da54-4d90-b8ec-db8039f93302,rect_start,RECT,,,,,
2026-01-15T14:08:52.693592,8679e8b9-da54-4d90-b8ec-db8039f93302,rect_end,RECT,QGraphicsRectItem,,,,"x=578.0,y=238.0,w=229.0,h=195.0"
2026-01-15T14:08:53.129983,8679e8b9-da54-4d90-b8ec-db8039f93302,rect_start,RECT,,,,,
2026-01-15T14:08:53.162444,8679e8b9-da54-4d90-b8ec-db8039f93302,rect_end,RECT,QGraphicsRectItem,,,,"x=848.0,y=158.0,w=2.0,h=0.0"
2026-01-15T14:08:54.461850,8679e8b9-da54-4d90-b8ec-db8039f93302,tool_change,RECT,,,,,
2026-01-15T14:08:54.984696,8679e8b9-da54-4d90-b8ec-db8039f93302,rect_start,RECT,,,,,
2026-01-15T14:08:56.503010,8679e8b9-da54-4d90-b8ec-db8039f93302,rect_end,RECT,QGraphicsRectItem,,,,"x=839.0,y=246.0,w=58.0,h=41.0"
2026-01-15T14:08:57.246681,8679e8b9-da54-4d90-b8ec-db8039f93302,tool_change,ERASER,,,,,
2026-01-15T14:08:57.789054,8679e8b9-da54-4d90-b8ec-db8039f93302,erase,ERASER,QGraphicsRectItem,,,,
2026-01-15T14:08:58.913909,8679e8b9-da54-4d90-b8ec-db8039f93302,tool_change,SELECT,,,,,
2026-01-15T14:08:59.341403,8679e8b9-da54-4d90-b8ec-db8039f93302,select_press,SELECT,None,,,,
2026-01-15T14:08:59.664979,8679e8b9-da54-4d90-b8ec-db8039f93302,item_moved,SELECT,,,,,
2026-01-15T14:09:00.021757,8679e8b9-da54-4d90-b8ec-db8039f93302,select_press,SELECT,QGraphicsRectItem,,,,
2026-01-15T14:09:00.711959,8679e8b9-da54-4d90-b8ec-db8039f93302,item_moved,SELECT,,,,,
2026-01-15T14:09:01.111408,8679e8b9-da54-4d90-b8ec-db8039f93302,select_press,SELECT,None,,,,
2026-01-15T14:09:01.386899,8679e8b9-da54-4d90-b8ec-db8039f93302,item_moved,SELECT,,,,,
2026-01-15T14:09:01.647792,8679e8b9-da54-4d90-b8ec-db8039f93302,select_press,SELECT,QGraphicsRectItem,,,,
2026-01-15T14:09:04.265882,8679e8b9-da54-4d90-b8ec-db8039f93302,item_moved,SELECT,,,,,
2026-01-15T14:09:04.526666,8679e8b9-da54-4d90-b8ec-db8039f93302,select_press,SELECT,None,,,,
2026-01-15T15:16:49.436697,716c696c-cb0b-4602-b099-755759701717,tool_change,RECT,,,,,
2026-01-15T15:16:49.744037,716c696c-cb0b-4602-b099-755759701717,rect_start,RECT,,,,,
2026-01-15T15:16:51.255872,716c696c-cb0b-4602-b099-755759701717,rect_end,RECT,QGraphicsRectItem,,,,"x=215.0,y=69.0,w=135.0,h=155.0"
2026-01-15T15:16:55.011754,716c696c-cb0b-4602-b099-755759701717,tool_change,SELECT,,,,,
2026-01-15T15:16:55.788645,716c696c-cb0b-4602-b099-755759701717,select_press,SELECT,QGraphicsRectItem,,,,
2026-01-15T15:16:58.528613,716c696c-cb0b-4602-b099-755759701717,duplicate,SELECT,,,,,n=1
2026-01-15T15:17:03.641672,716c696c-cb0b-4602-b099-755759701717,tool_change,SELECT,,,,,
2026-01-15T15:17:04.128903,716c696c-cb0b-4602-b099-755759701717,select_press,SELECT,QGraphicsRectItem,,,,
2026-01-15T15:17:04.901728,716c696c-cb0b-4602-b099-755759701717,item_moved,SELECT,,,,,
2026-01-15T15:17:05.260094,716c696c-cb0b-4602-b099-755759701717,select_press,SELECT,None,,,,
2026-01-15T15:17:05.802380,716c696c-cb0b-4602-b099-755759701717,select_press,SELECT,QGraphicsRectItem,,,,
2026-01-15T15:17:48.495630,716c696c-cb0b-4602-b099-755759701717,tool_change,ERASER,,,,,
2026-01-15T15:17:49.127413,716c696c-cb0b-4602-b099-755759701717,erase,ERASER,QGraphicsRectItem,,,,
2026-01-15T15:18:01.206453,716c696c-cb0b-4602-b099-755759701717,tool_change,LINE,,,,,
2026-01-15T15:18:01.520643,716c696c-cb0b-4602-b099-755759701717,line_start,LINE,,,,,
2026-01-15T15:18:02.195749,716c696c-cb0b-4602-b099-755759701717,line_end,LINE,QGraphicsLineItem,,,,"(550.0,124.0)->(620.0,329.0)"
2026-01-15T15:18:02.891558,716c696c-cb0b-4602-b099-755759701717,stroke_color_change,,,,#e53935,,
2026-01-15T15:18:03.065009,716c696c-cb0b-4602-b099-755759701717,line_start,LINE,,,,,
2026-01-15T15:18:03.432595,716c696c-cb0b-4602-b099-755759701717,line_end,LINE,QGraphicsLineItem,,,,"(449.0,97.0)->(453.0,283.0)"
2026-01-15T15:18:11.121373,716c696c-cb0b-4602-b099-755759701717,tool_change,SELECT,,,,,
2026-01-15T15:18:11.559460,716c696c-cb0b-4602-b099-755759701717,select_press,SELECT,None,,,,
2026-01-15T15:18:11.819619,716c696c-cb0b-4602-b099-755759701717,item_moved,SELECT,,,,,
2026-01-15T15:18:13.834141,716c696c-cb0b-4602-b099-755759701717,copy,SELECT,,,,,n=1
2026-01-15T15:18:14.288196,716c696c-cb0b-4602-b099-755759701717,select_press,SELECT,None,,,,
2026-01-15T15:18:18.665001,716c696c-cb0b-4602-b099-755759701717,select_press,SELECT,None,,,,
2026-01-15T15:18:18.768537,716c696c-cb0b-4602-b099-755759701717,item_moved,SELECT,,,,,
2026-01-15T15:18:19.149300,716c696c-cb0b-4602-b099-755759701717,select_press,SELECT,None,,,,
2026-01-15T15:18:20.718946,716c696c-cb0b-4602-b099-755759701717,select_press,SELECT,None,,,,
2026-01-15T15:18:21.199397,716c696c-cb0b-4602-b099-755759701717,item_moved,SELECT,,,,,
2026-01-15T15:18:21.570259,716c696c-cb0b-4602-b099-755759701717,select_press,SELECT,None,,,,
2026-01-15T15:24:02.035268,d861c3fa-efda-4181-a6aa-2dade21833d2,tool_change,ELLIPSE,,,,,
2026-01-15T15:24:02.955393,d861c3fa-efda-4181-a6aa-2dade21833d2,stroke_color_change,,,,#e53935,,
2026-01-15T15:24:03.907433,d861c3fa-efda-4181-a6aa-2dade21833d2,fill_color_change,,,,,#bbdefb,
2026-01-15T15:24:04.481117,d861c3fa-efda-4181-a6aa-2dade21833d2,ellipse_start,ELLIPSE,,,,,
2026-01-15T15:24:05.303152,d861c3fa-efda-4181-a6aa-2dade21833d2,ellipse_end,ELLIPSE,QGraphicsEllipseItem,,,,"x=401.0,y=203.0,w=221.0,h=183.0"
2026-01-15T15:24:09.268289,d861c3fa-efda-4181-a6aa-2dade21833d2,tool_change,SELECT,,,,,
2026-01-15T15:24:09.908659,d861c3fa-efda-4181-a6aa-2dade21833d2,select_press,SELECT,None,,,,
2026-01-15T15:24:10.499809,d861c3fa-efda-4181-a6aa-2dade21833d2,item_moved,SELECT,,,,,
2026-01-15T15:24:12.984013,d861c3fa-efda-4181-a6aa-2dade21833d2,copy,SELECT,,,,,n=1
2026-01-15T15:24:12.984836,d861c3fa-efda-4181-a6aa-2dade21833d2,cut,SELECT,,,,,
2026-01-15T15:24:15.595967,d861c3fa-efda-4181-a6aa-2dade21833d2,select_press,SELECT,None,,,,
2026-01-15T15:24:51.948015,d861c3fa-efda-4181-a6aa-2dade21833d2,tool_change,ELLIPSE,,,,,
2026-01-15T15:24:52.213976,d861c3fa-efda-4181-a6aa-2dade21833d2,ellipse_start,ELLIPSE,,,,,
2026-01-15T15:24:52.572035,d861c3fa-efda-4181-a6aa-2dade21833d2,ellipse_end,ELLIPSE,QGraphicsEllipseItem,,,,"x=292.0,y=140.0,w=257.0,h=219.0"
2026-01-15T15:24:59.562029,d861c3fa-efda-4181-a6aa-2dade21833d2,tool_change,SELECT,,,,,
2026-01-15T15:24:59.748746,d861c3fa-efda-4181-a6aa-2dade21833d2,select_press,SELECT,None,,,,
2026-01-15T15:25:00.032146,d861c3fa-efda-4181-a6aa-2dade21833d2,item_moved,SELECT,,,,,
2026-01-15T15:25:00.329542,d861c3fa-efda-4181-a6aa-2dade21833d2,select_press,SELECT,QGraphicsEllipseItem,,,,
2026-01-15T15:25:00.603378,d861c3fa-efda-4181-a6aa-2dade21833d2,item_moved,SELECT,,,,,
2026-01-15T15:25:01.465050,d861c3fa-efda-4181-a6aa-2dade21833d2,select_press,SELECT,QGraphicsEllipseItem,,,,
2026-01-15T15:25:02.445625,d861c3fa-efda-4181-a6aa-2dade21833d2,item_moved,SELECT,,,,,
2026-01-15T15:25:03.416624,d861c3fa-efda-4181-a6aa-2dade21833d2,duplicate,SELECT,,,,,n=1
2026-01-15T15:25:04.201292,d861c3fa-efda-4181-a6aa-2dade21833d2,select_press,SELECT,QGraphicsEllipseItem,,,,
2026-01-15T15:25:04.916695,d861c3fa-efda-4181-a6aa-2dade21833d2,item_moved,SELECT,,,,,
2026-01-15T15:25:05.198823,d861c3fa-efda-4181-a6aa-2dade21833d2,select_press,SELECT,None,,,,
2026-01-15T15:25:07.618054,d861c3fa-efda-4181-a6aa-2dade21833d2,tool_change,LINE,,,,,
2026-01-15T15:25:09.572999,d861c3fa-efda-4181-a6aa-2dade21833d2,stroke_color_change,,,,#43a047,,
2026-01-15T15:25:09.959091,d861c3fa-efda-4181-a6aa-2dade21833d2,line_start,LINE,,,,,
2026-01-15T15:25:12.336103,d861c3fa-efda-4181-a6aa-2dade21833d2,line_end,LINE,QGraphicsLineItem,,,,"(318.0,501.0)->(633.0,501.0)"
2026-01-15T15:25:17.885001,d861c3fa-efda-4181-a6aa-2dade21833d2,tool_change,RECT,,,,,
2026-01-15T15:25:18.064700,d861c3fa-efda-4181-a6aa-2dade21833d2,rect_start,RECT,,,,,
2026-01-15T15:25:18.533065,d861c3fa-efda-4181-a6aa-2dade21833d2,rect_end,RECT,QGraphicsRectItem,,,,"x=264.0,y=132.0,w=551.0,h=249.0"
2026-01-15T15:25:20.877959,d861c3fa-efda-4181-a6aa-2dade21833d2,tool_change,SELECT,,,,,
2026-01-15T15:25:21.247913,d861c3fa-efda-4181-a6aa-2dade21833d2,select_press,SELECT,None,,,,
2026-01-15T15:25:21.538007,d861c3fa-efda-4181-a6aa-2dade21833d2,item_moved,SELECT,,,,,
2026-01-15T15:25:21.770090,d861c3fa-efda-4181-a6aa-2dade21833d2,select_press,SELECT,QGraphicsRectItem,,,,
2026-01-15T15:25:22.838838,d861c3fa-efda-4181-a6aa-2dade21833d2,item_moved,SELECT,,,,,
2026-01-15T15:25:23.435837,d861c3fa-efda-4181-a6aa-2dade21833d2,select_press,SELECT,None,,,,
2026-01-15T15:25:23.906792,d861c3fa-efda-4181-a6aa-2dade21833d2,item_moved,SELECT,,,,,
2026-01-15T15:25:24.194976,d861c3fa-efda-4181-a6aa-2dade21833d2,select_press,SELECT,QGraphicsEllipseItem,,,,
2026-01-15T15:25:25.722981,d861c3fa-efda-4181-a6aa-2dade21833d2,item_moved,SELECT,,,,,
2026-01-15T15:25:29.506881,d861c3fa-efda-4181-a6aa-2dade21833d2,copy,SELECT,,,,,n=2
2026-01-15T15:25:29.507845,d861c3fa-efda-4181-a6aa-2dade21833d2,cut,SELECT,,,,,
2026-01-15T15:25:30.713733,d861c3fa-efda-4181-a6aa-2dade21833d2,select_press,SELECT,None,,,,
2026-01-15T15:26:09.407492,d861c3fa-efda-4181-a6aa-2dade21833d2,tool_change,SELECT,,,,,
2026-01-15T15:26:09.912699,d861c3fa-efda-4181-a6aa-2dade21833d2,select_press,SELECT,None,,,,
2026-01-15T15:26:10.222978,d861c3fa-efda-4181-a6aa-2dade21833d2,item_moved,SELECT,,,,,
2026-01-15T15:26:10.388612,d861c3fa-efda-4181-a6aa-2dade21833d2,select_press,SELECT,QGraphicsRectItem,,,,
2026-01-15T15:26:10.630251,d861c3fa-efda-4181-a6aa-2dade21833d2,item_moved,SELECT,,,,,
2026-01-15T15:39:27.315021,b4f62a10-0373-43be-9547-ec38342564cd,tool_change,RECT,,,,,
2026-01-15T15:39:28.009787,b4f62a10-0373-43be-9547-ec38342564cd,rect_start,RECT,,,,,
2026-01-15T15:39:28.835163,b4f62a10-0373-43be-9547-ec38342564cd,rect_end,RECT,QGraphicsRectItem,,,,"x=257.0,y=136.0,w=174.0,h=214.0"
2026-01-15T15:39:30.202011,b4f62a10-0373-43be-9547-ec38342564cd,tool_change,SELECT,,,,,
2026-01-15T15:39:30.527865,b4f62a10-0373-43be-9547-ec38342564cd,select_press,SELECT,None,,,,
2026-01-15T15:39:30.850128,b4f62a10-0373-43be-9547-ec38342564cd,item_moved,SELECT,,,,,
2026-01-15T15:39:33.096829,b4f62a10-0373-43be-9547-ec38342564cd,copy,SELECT,,,,,n=1
2026-01-15T15:39:33.584764,b4f62a10-0373-43be-9547-ec38342564cd,select_press,SELECT,None,,,,
2026-01-15T15:42:29.685226,5f12bf7f-224a-4592-89a6-00cf211f0e05,tool_change,ELLIPSE,,,,,
2026-01-15T15:42:29.895381,5f12bf7f-224a-4592-89a6-00cf211f0e05,ellipse_start,ELLIPSE,,,,,
2026-01-15T15:42:30.435355,5f12bf7f-224a-4592-89a6-00cf211f0e05,ellipse_end,ELLIPSE,QGraphicsEllipseItem,,,,"x=258.0,y=113.0,w=292.0,h=257.0"
2026-01-15T15:42:32.189630,5f12bf7f-224a-4592-89a6-00cf211f0e05,fill_color_change,,,,,#c8e6c9,
2026-01-15T15:42:32.631916,5f12bf7f-224a-4592-89a6-00cf211f0e05,ellipse_start,ELLIPSE,,,,,
2026-01-15T15:42:33.243523,5f12bf7f-224a-4592-89a6-00cf211f0e05,ellipse_end,ELLIPSE,QGraphicsEllipseItem,,,,"x=658.0,y=118.0,w=173.0,h=155.0"
2026-01-15T15:42:34.846308,5f12bf7f-224a-4592-89a6-00cf211f0e05,tool_change,SELECT,,,,,
2026-01-15T15:42:35.252865,5f12bf7f-224a-4592-89a6-00cf211f0e05,select_press,SELECT,QGraphicsEllipseItem,,,,
2026-01-15T15:42:35.466252,5f12bf7f-224a-4592-89a6-00cf211f0e05,item_moved,SELECT,,,,,
2026-01-15T15:42:35.922544,5f12bf7f-224a-4592-89a6-00cf211f0e05,select_press,SELECT,QGraphicsEllipseItem,,,,
2026-01-15T15:42:36.273460,5f12bf7f-224a-4592-89a6-00cf211f0e05,item_moved,SELECT,,,,,
2026-01-15T15:42:38.166018,5f12bf7f-224a-4592-89a6-00cf211f0e05,duplicate,SELECT,,,,,n=1
2026-01-15T15:42:39.031918,5f12bf7f-224a-4592-89a6-00cf211f0e05,select_press,SELECT,QGraphicsEllipseItem,,,,
2026-01-15T15:42:39.987350,5f12bf7f-224a-4592-89a6-00cf211f0e05,item_moved,SELECT,,,,,
2026-01-15T15:42:41.376961,5f12bf7f-224a-4592-89a6-00cf211f0e05,copy,SELECT,,,,,n=1
2026-01-15T15:53:32.857741,54b45162-6259-406f-adc1-dad056e57ced,tool_change,ELLIPSE,,,,,
2026-01-15T15:53:33.029835,54b45162-6259-406f-adc1-dad056e57ced,ellipse_start,ELLIPSE,,,,,
2026-01-15T15:53:33.288519,54b45162-6259-406f-adc1-dad056e57ced,ellipse_end,ELLIPSE,QGraphicsEllipseItem,,,,"x=322.0,y=108.0,w=268.0,h=159.0"
2026-01-15T15:53:36.509199,54b45162-6259-406f-adc1-dad056e57ced,fill_color_change,,,,,#c8e6c9,
2026-01-15T15:53:37.281169,54b45162-6259-406f-adc1-dad056e57ced,stroke_color_change,,,,#43a047,,
2026-01-15T15:53:38.690160,54b45162-6259-406f-adc1-dad056e57ced,ellipse_start,ELLIPSE,,,,,
2026-01-15T15:53:39.775235,54b45162-6259-406f-adc1-dad056e57ced,ellipse_end,ELLIPSE,QGraphicsEllipseItem,,,,"x=755.0,y=122.0,w=197.0,h=198.0"
2026-01-15T15:53:40.992963,54b45162-6259-406f-adc1-dad056e57ced,tool_change,SELECT,,,,,
2026-01-15T15:53:41.237924,54b45162-6259-406f-adc1-dad056e57ced,select_press,SELECT,None,,,,
2026-01-15T15:53:41.455177,54b45162-6259-406f-adc1-dad056e57ced,item_moved,SELECT,,,,,
2026-01-15T15:53:44.860663,54b45162-6259-406f-adc1-dad056e57ced,duplicate,SELECT,,,,,n=1
2026-01-15T15:53:46.430909,54b45162-6259-406f-adc1-dad056e57ced,select_press,SELECT,QGraphicsEllipseItem,,,,
2026-01-15T15:53:46.970069,54b45162-6259-406f-adc1-dad056e57ced,item_moved,SELECT,,,,,
2026-01-15T15:53:48.294629,54b45162-6259-406f-adc1-dad056e57ced,copy,SELECT,,,,,n=1
2026-01-15T15:53:50.736354,54b45162-6259-406f-adc1-dad056e57ced,select_press,SELECT,None,,,,
2026-01-15T15:56:48.425419,b19f2d0d-5a78-4f8f-b41b-5d88d22c275b,tool_change,ELLIPSE,,,,,
2026-01-15T15:56:51.831560,b19f2d0d-5a78-4f8f-b41b-5d88d22c275b,fill_color_change,,,,,#fff9c4,
2026-01-15T15:56:53.093548,b19f2d0d-5a78-4f8f-b41b-5d88d22c275b,stroke_color_change,,,,#e53935,,
2026-01-15T15:56:53.539655,b19f2d0d-5a78-4f8f-b41b-5d88d22c275b,ellipse_start,ELLIPSE,,,,,
2026-01-15T15:56:54.371541,b19f2d0d-5a78-4f8f-b41b-5d88d22c275b,ellipse_end,ELLIPSE,QGraphicsEllipseItem,,,,"x=249.0,y=166.0,w=183.0,h=160.0"
2026-01-15T15:56:58.126722,b19f2d0d-5a78-4f8f-b41b-5d88d22c275b,tool_change,SELECT,,,,,
2026-01-15T15:56:58.564662,b19f2d0d-5a78-4f8f-b41b-5d88d22c275b,select_press,SELECT,QGraphicsEllipseItem,,,,
2026-01-15T15:57:23.833863,b19f2d0d-5a78-4f8f-b41b-5d88d22c275b,duplicate,SELECT,,,,,n=1
2026-01-15T15:57:24.395147,b19f2d0d-5a78-4f8f-b41b-5d88d22c275b,select_press,SELECT,QGraphicsEllipseItem,,,,
2026-01-15T15:57:25.179335,b19f2d0d-5a78-4f8f-b41b-5d88d22c275b,item_moved,SELECT,,,,,
2026-01-15T15:57:29.097873,b19f2d0d-5a78-4f8f-b41b-5d88d22c275b,copy,SELECT,,,,,n=1
2026-01-15T15:57:29.457614,b19f2d0d-5a78-4f8f-b41b-5d88d22c275b,select_press,SELECT,None,,,,
2026-01-15T15:57:30.738153,b19f2d0d-5a78-4f8f-b41b-5d88d22c275b,paste,SELECT,,,,,n=1
2026-01-15T15:57:31.458443,b19f2d0d-5a78-4f8f-b41b-5d88d22c275b,select_press,SELECT,QGraphicsEllipseItem,,,,
2026-01-15T15:57:32.121715,b19f2d0d-5a78-4f8f-b41b-5d88d22c275b,item_moved,SELECT,,,,,
2026-01-15T15:57:32.580146,b19f2d0d-5a78-4f8f-b41b-5d88d22c275b,select_press,SELECT,None,,,,
2026-01-15T15:57:36.514122,b19f2d0d-5a78-4f8f-b41b-5d88d22c275b,paste,SELECT,,,,,n=1
2026-01-15T15:57:37.316760,b19f2d0d-5a78-4f8f-b41b-5d88d22c275b,select_press,SELECT,QGraphicsEllipseItem,,,,
2026-01-15T15:57:37.614233,b19f2d0d-5a78-4f8f-b41b-5d88d22c275b,item_moved,SELECT,,,,,
2026-01-15T15:57:38.193799,b19f2d0d-5a78-4f8f-b41b-5d88d22c275b,select_press,SELECT,None,,,,
2026-01-15T15:57:39.251853,b19f2d0d-5a78-4f8f-b41b-5d88d22c275b,paste,SELECT,,,,,n=1
2026-01-15T15:57:39.827454,b19f2d0d-5a78-4f8f-b41b-5d88d22c275b,select_press,SELECT,QGraphicsEllipseItem,,,,
2026-01-15T15:57:40.343205,b19f2d0d-5a78-4f8f-b41b-5d88d22c275b,item_moved,SELECT,,,,,
2026-01-15T15:57:40.590929,b19f2d0d-5a78-4f8f-b41b-5d88d22c275b,select_press,SELECT,None,,,,
2026-01-15T15:57:59.708428,b19f2d0d-5a78-4f8f-b41b-5d88d22c275b,tool_change,SELECT,,,,,
2026-01-15T15:57:59.900372,b19f2d0d-5a78-4f8f-b41b-5d88d22c275b,select_press,SELECT,None,,,,
2026-01-15T15:58:00.184051,b19f2d0d-5a78-4f8f-b41b-5d88d22c275b,item_moved,SELECT,,,,,
2026-01-15T15:58:02.222919,b19f2d0d-5a78-4f8f-b41b-5d88d22c275b,copy,SELECT,,,,,n=1
2026-01-15T15:58:02.223771,b19f2d0d-5a78-4f8f-b41b-5d88d22c275b,cut,SELECT,,,,,
2026-01-15T15:58:02.811023,b19f2d0d-5a78-4f8f-b41b-5d88d22c275b,select_press,SELECT,None,,,,
2026-01-15T15:58:06.204960,b19f2d0d-5a78-4f8f-b41b-5d88d22c275b,paste,SELECT,,,,,n=1
2026-01-15T15:58:09.141064,b19f2d0d-5a78-4f8f-b41b-5d88d22c275b,select_press,SELECT,QGraphicsEllipseItem,,,,
2026-01-15T15:58:09.677118,b19f2d0d-5a78-4f8f-b41b-5d88d22c275b,item_moved,SELECT,,,,,
2026-01-15T15:58:10.345857,b19f2d0d-5a78-4f8f-b41b-5d88d22c275b,paste,SELECT,,,,,n=1
2026-01-15T15:58:10.775971,b19f2d0d-5a78-4f8f-b41b-5d88d22c275b,select_press,SELECT,QGraphicsEllipseItem,,,,
2026-01-15T15:58:10.983744,b19f2d0d-5a78-4f8f-b41b-5d88d22c275b,item_moved,SELECT,,,,,
2026-01-15T15:58:11.723831,b19f2d0d-5a78-4f8f-b41b-5d88d22c275b,paste,SELECT,,,,,n=1
2026-01-15T15:58:12.125424,b19f2d0d-5a78-4f8f-b41b-5d88d22c275b,select_press,SELECT,QGraphicsEllipseItem,,,,
2026-01-15T15:58:12.451609,b19f2d0d-5a78-4f8f-b41b-5d88d22c275b,item_moved,SELECT,,,,,
2026-01-15T15:58:13.716729,b19f2d0d-5a78-4f8f-b41b-5d88d22c275b,duplicate,SELECT,,,,,n=1
2026-01-15T15:58:14.299453,b19f2d0d-5a78-4f8f-b41b-5d88d22c275b,select_press,SELECT,QGraphicsEllipseItem,,,,
2026-01-15T15:58:14.638910,b19f2d0d-5a78-4f8f-b41b-5d88d22c275b,item_moved,SELECT,,,,,
2026-01-15T15:58:18.401409,b19f2d0d-5a78-4f8f-b41b-5d88d22c275b,select_press,SELECT,None,,,,
2026-01-15T15:58:18.458318,b19f2d0d-5a78-4f8f-b41b-5d88d22c275b,item_moved,SELECT,,,,,
2026-01-15T15:58:26.669024,b19f2d0d-5a78-4f8f-b41b-5d88d22c275b,tool_change,SELECT,,,,,
2026-01-15T15:58:27.553714,b19f2d0d-5a78-4f8f-b41b-5d88d22c275b,select_press,SELECT,None,,,,
2026-01-15T15:58:28.573124,b19f2d0d-5a78-4f8f-b41b-5d88d22c275b,item_moved,SELECT,,,,,
2026-01-15T15:59:43.728666,b19f2d0d-5a78-4f8f-b41b-5d88d22c275b,select_press,SELECT,None,,,,
2026-01-15T16:01:09.857620,b19f2d0d-5a78-4f8f-b41b-5d88d22c275b,select_press,SELECT,None,,,,
2026-01-15T16:01:09.885635,b19f2d0d-5a78-4f8f-b41b-5d88d22c275b,item_moved,SELECT,,,,,
2026-01-15T16:01:24.441562,b19f2d0d-5a78-4f8f-b41b-5d88d22c275b,select_press,SELECT,QGraphicsEllipseItem,,,,
2026-01-15T16:01:24.674634,b19f2d0d-5a78-4f8f-b41b-5d88d22c275b,item_moved,SELECT,,,,,
2026-01-15T16:01:27.248079,b19f2d0d-5a78-4f8f-b41b-5d88d22c275b,select_press,SELECT,None,,,,
2026-01-15T16:01:46.311666,b19f2d0d-5a78-4f8f-b41b-5d88d22c275b,select_press,SELECT,None,,,,
2026-01-15T16:01:46.390126,b19f2d0d-5a78-4f8f-b41b-5d88d22c275b,item_moved,SELECT,,,,,
2026-01-15T16:01:49.431228,b19f2d0d-5a78-4f8f-b41b-5d88d22c275b,select_press,SELECT,None,,,,
2026-01-15T16:01:50.180110,b19f2d0d-5a78-4f8f-b41b-5d88d22c275b,item_moved,SELECT,,,,,
2026-01-15T16:01:50.691588,b19f2d0d-5a78-4f8f-b41b-5d88d22c275b,select_press,SELECT,QGraphicsEllipseItem,,,,
2026-01-15T16:01:51.202388,b19f2d0d-5a78-4f8f-b41b-5d88d22c275b,item_moved,SELECT,,,,,
2026-01-15T16:01:51.429621,b19f2d0d-5a78-4f8f-b41b-5d88d22c275b,select_press,SELECT,None,,,,
2026-01-15T16:02:40.204211,b19f2d0d-5a78-4f8f-b41b-5d88d22c275b,select_press,SELECT,QGraphicsEllipseItem,,,,
2026-01-15T16:02:42.752996,b19f2d0d-5a78-4f8f-b41b-5d88d22c275b,copy,SELECT,,,,,n=1
2026-01-15T16:02:42.753791,b19f2d0d-5a78-4f8f-b41b-5d88d22c275b,cut,SELECT,,,,,
2026-01-15T16:02:43.537328,b19f2d0d-5a78-4f8f-b41b-5d88d22c275b,select_press,SELECT,None,,,,
2026-01-15T16:02:43.621180,b19f2d0d-5a78-4f8f-b41b-5d88d22c275b,item_moved,SELECT,,,,,
2026-01-15T16:02:44.481033,b19f2d0d-5a78-4f8f-b41b-5d88d22c275b,paste,SELECT,,,,,n=1
2026-01-15T16:02:45.001308,b19f2d0d-5a78-4f8f-b41b-5d88d22c275b,select_press,SELECT,QGraphicsEllipseItem,,,,
2026-01-15T16:02:45.267108,b19f2d0d-5a78-4f8f-b41b-5d88d22c275b,item_moved,SELECT,,,,,
2026-01-15T16:02:52.509327,b19f2d0d-5a78-4f8f-b41b-5d88d22c275b,copy,SELECT,,,,,n=1
2026-01-15T16:02:53.321710,b19f2d0d-5a78-4f8f-b41b-5d88d22c275b,select_press,SELECT,None,,,,
2026-01-15T16:02:53.381121,b19f2d0d-5a78-4f8f-b41b-5d88d22c275b,item_moved,SELECT,,,,,
2026-01-15T16:02:53.819815,b19f2d0d-5a78-4f8f-b41b-5d88d22c275b,paste,SELECT,,,,,n=1
2026-01-15T16:02:54.410714,b19f2d0d-5a78-4f8f-b41b-5d88d22c275b,select_press,SELECT,QGraphicsEllipseItem,,,,
2026-01-15T16:02:54.767199,b19f2d0d-5a78-4f8f-b41b-5d88d22c275b,item_moved,SELECT,,,,,
2026-01-15T16:02:55.098213,b19f2d0d-5a78-4f8f-b41b-5d88d22c275b,select_press,SELECT,QGraphicsEllipseItem,,,,
2026-01-15T16:02:55.664108,b19f2d0d-5a78-4f8f-b41b-5d88d22c275b,item_moved,SELECT,,,,,
2026-01-15T16:02:55.989565,b19f2d0d-5a78-4f8f-b41b-5d88d22c275b,select_press,SELECT,None,,,,
2026-01-15T16:02:56.079199,b19f2d0d-5a78-4f8f-b41b-5d88d22c275b,item_moved,SELECT,,,,,
2026-01-15T16:02:57.795085,b19f2d0d-5a78-4f8f-b41b-5d88d22c275b,select_press,SELECT,QGraphicsEllipseItem,,,,
2026-01-15T16:02:58.614124,b19f2d0d-5a78-4f8f-b41b-5d88d22c275b,item_moved,SELECT,,,,,
2026-01-15T16:02:59.559954,b19f2d0d-5a78-4f8f-b41b-5d88d22c275b,paste,SELECT,,,,,n=1
2026-01-15T16:03:00.074485,b19f2d0d-5a78-4f8f-b41b-5d88d22c275b,select_press,SELECT,QGraphicsEllipseItem,,,,
2026-01-15T16:03:00.268117,b19f2d0d-5a78-4f8f-b41b-5d88d22c275b,item_moved,SELECT,,,,,
2026-01-15T16:03:01.125992,b19f2d0d-5a78-4f8f-b41b-5d88d22c275b,paste,SELECT,,,,,n=1
2026-01-15T16:03:04.285219,b19f2d0d-5a78-4f8f-b41b-5d88d22c275b,select_press,SELECT,QGraphicsEllipseItem,,,,
2026-01-15T16:03:04.710708,b19f2d0d-5a78-4f8f-b41b-5d88d22c275b,select_press,SELECT,None,,,,
2026-01-15T16:03:04.785874,b19f2d0d-5a78-4f8f-b41b-5d88d22c275b,item_moved,SELECT,,,,,
2026-01-15T16:03:12.096680,b19f2d0d-5a78-4f8f-b41b-5d88d22c275b,select_press,SELECT,QGraphicsEllipseItem,,,,
2026-01-15T16:03:12.154269,b19f2d0d-5a78-4f8f-b41b-5d88d22c275b,item_moved,SELECT,,,,,
2026-01-15T16:03:12.886572,b19f2d0d-5a78-4f8f-b41b-5d88d22c275b,duplicate,SELECT,,,,,n=1
2026-01-15T16:03:13.502368,b19f2d0d-5a78-4f8f-b41b-5d88d22c275b,select_press,SELECT,QGraphicsEllipseItem,,,,
2026-01-15T16:03:13.801001,b19f2d0d-5a78-4f8f-b41b-5d88d22c275b,item_moved,SELECT,,,,,
2026-01-15T16:03:14.440575,b19f2d0d-5a78-4f8f-b41b-5d88d22c275b,duplicate,SELECT,,,,,n=1
2026-01-15T16:03:14.749759,b19f2d0d-5a78-4f8f-b41b-5d88d22c275b,select_press,SELECT,QGraphicsEllipseItem,,,,
2026-01-15T16:03:14.948818,b19f2d0d-5a78-4f8f-b41b-5d88d22c275b,item_moved,SELECT,,,,,
2026-01-15T16:03:15.597688,b19f2d0d-5a78-4f8f-b41b-5d88d22c275b,duplicate,SELECT,,,,,n=1
2026-01-15T16:03:15.956386,b19f2d0d-5a78-4f8f-b41b-5d88d22c275b,select_press,SELECT,QGraphicsEllipseItem,,,,
2026-01-15T16:03:16.169846,b19f2d0d-5a78-4f8f-b41b-5d88d22c275b,item_moved,SELECT,,,,,
2026-01-15T16:03:16.935539,b19f2d0d-5a78-4f8f-b41b-5d88d22c275b,duplicate,SELECT,,,,,n=1
2026-01-15T16:03:17.324389,b19f2d0d-5a78-4f8f-b41b-5d88d22c275b,select_press,SELECT,QGraphicsEllipseItem,,,,
2026-01-15T16:03:17.524034,b19f2d0d-5a78-4f8f-b41b-5d88d22c275b,item_moved,SELECT,,,,,
2026-01-15T16:03:18.211866,b19f2d0d-5a78-4f8f-b41b-5d88d22c275b,select_press,SELECT,None,,,,
2026-01-15T16:03:21.362145,b19f2d0d-5a78-4f8f-b41b-5d88d22c275b,select_press,SELECT,QGraphicsEllipseItem,,,,
2026-01-15T16:03:21.443938,b19f2d0d-5a78-4f8f-b41b-5d88d22c275b,item_moved,SELECT,,,,,
2026-01-15T16:03:22.579984,b19f2d0d-5a78-4f8f-b41b-5d88d22c275b,copy,SELECT,,,,,n=1
2026-01-15T16:03:31.033591,b19f2d0d-5a78-4f8f-b41b-5d88d22c275b,select_press,SELECT,None,,,,
2026-01-15T16:03:31.116797,b19f2d0d-5a78-4f8f-b41b-5d88d22c275b,item_moved,SELECT,,,,,
2026-01-15T16:03:32.103644,b19f2d0d-5a78-4f8f-b41b-5d88d22c275b,paste,SELECT,,,,,n=1
2026-01-15T16:03:32.613346,b19f2d0d-5a78-4f8f-b41b-5d88d22c275b,select_press,SELECT,QGraphicsEllipseItem,,,,
2026-01-15T16:03:32.897377,b19f2d0d-5a78-4f8f-b41b-5d88d22c275b,item_moved,SELECT,,,,,
2026-01-15T16:03:32.982292,b19f2d0d-5a78-4f8f-b41b-5d88d22c275b,select_press,SELECT,QGraphicsEllipseItem,,,,
2026-01-15T16:03:33.048854,b19f2d0d-5a78-4f8f-b41b-5d88d22c275b,item_moved,SELECT,,,,,
2026-01-15T16:03:33.732960,b19f2d0d-5a78-4f8f-b41b-5d88d22c275b,select_press,SELECT,None,,,,
2026-01-15T16:03:35.041044,b19f2d0d-5a78-4f8f-b41b-5d88d22c275b,item_moved,SELECT,,,,,
2026-01-15T16:03:35.339424,b19f2d0d-5a78-4f8f-b41b-5d88d22c275b,select_press,SELECT,QGraphicsEllipseItem,,,,
2026-01-15T16:03:35.885028,b19f2d0d-5a78-4f8f-b41b-5d88d22c275b,item_moved,SELECT,,,,,
2026-01-15T16:03:37.445253,b19f2d0d-5a78-4f8f-b41b-5d88d22c275b,duplicate,SELECT,,,,,n=6
2026-01-15T16:03:38.222031,b19f2d0d-5a78-4f8f-b41b-5d88d22c275b,select_press,SELECT,QGraphicsEllipseItem,,,,
2026-01-15T16:03:39.724054,b19f2d0d-5a78-4f8f-b41b-5d88d22c275b,item_moved,SELECT,,,,,
2026-01-15T16:03:50.521539,b19f2d0d-5a78-4f8f-b41b-5d88d22c275b,select_press,SELECT,None,,,,
2026-01-15T16:03:51.021259,b19f2d0d-5a78-4f8f-b41b-5d88d22c275b,item_moved,SELECT,,,,,
2026-01-15T16:03:51.281785,b19f2d0d-5a78-4f8f-b41b-5d88d22c275b,select_press,SELECT,None,,,,
2026-01-15T16:03:51.650808,b19f2d0d-5a78-4f8f-b41b-5d88d22c275b,item_moved,SELECT,,,,,
2026-01-15T16:03:51.951676,b19f2d0d-5a78-4f8f-b41b-5d88d22c275b,select_press,SELECT,QGraphicsEllipseItem,,,,
2026-01-15T16:03:52.661969,b19f2d0d-5a78-4f8f-b41b-5d88d22c275b,item_moved,SELECT,,,,,
2026-01-15T16:03:53.516721,b19f2d0d-5a78-4f8f-b41b-5d88d22c275b,duplicate,SELECT,,,,,n=2
2026-01-15T16:03:54.047738,b19f2d0d-5a78-4f8f-b41b-5d88d22c275b,select_press,SELECT,QGraphicsEllipseItem,,,,
2026-01-15T16:03:54.572948,b19f2d0d-5a78-4f8f-b41b-5d88d22c275b,item_moved,SELECT,,,,,
2026-01-15T16:03:55.319208,b19f2d0d-5a78-4f8f-b41b-5d88d22c275b,select_press,SELECT,QGraphicsEllipseItem,,,,
2026-01-15T16:03:56.308945,b19f2d0d-5a78-4f8f-b41b-5d88d22c275b,item_moved,SELECT,,,,,
2026-01-15T16:03:56.608664,b19f2d0d-5a78-4f8f-b41b-5d88d22c275b,select_press,SELECT,None,,,,
2026-01-15T16:04:03.089044,b19f2d0d-5a78-4f8f-b41b-5d88d22c275b,select_press,SELECT,QGraphicsEllipseItem,,,,
2026-01-15T16:04:03.167512,b19f2d0d-5a78-4f8f-b41b-5d88d22c275b,item_moved,SELECT,,,,,
2026-01-15T16:04:04.331701,b19f2d0d-5a78-4f8f-b41b-5d88d22c275b,copy,SELECT,,,,,n=1
2026-01-15T16:04:04.332439,b19f2d0d-5a78-4f8f-b41b-5d88d22c275b,cut,SELECT,,,,,
2026-01-15T16:04:04.967929,b19f2d0d-5a78-4f8f-b41b-5d88d22c275b,select_press,SELECT,QGraphicsEllipseItem,,,,
2026-01-15T16:04:05.020851,b19f2d0d-5a78-4f8f-b41b-5d88d22c275b,item_moved,SELECT,,,,,
2026-01-15T16:04:05.904554,b19f2d0d-5a78-4f8f-b41b-5d88d22c275b,copy,SELECT,,,,,n=1
2026-01-15T16:04:05.905297,b19f2d0d-5a78-4f8f-b41b-5d88d22c275b,cut,SELECT,,,,,
2026-01-15T16:04:06.843866,b19f2d0d-5a78-4f8f-b41b-5d88d22c275b,select_press,SELECT,QGraphicsEllipseItem,,,,
2026-01-15T16:04:07.776729,b19f2d0d-5a78-4f8f-b41b-5d88d22c275b,tool_change,ERASER,,,,,
2026-01-15T16:04:09.420959,b19f2d0d-5a78-4f8f-b41b-5d88d22c275b,erase,ERASER,QGraphicsEllipseItem,,,,
2026-01-15T16:04:09.752813,b19f2d0d-5a78-4f8f-b41b-5d88d22c275b,erase,ERASER,QGraphicsEllipseItem,,,,move
2026-01-15T16:04:10.034001,b19f2d0d-5a78-4f8f-b41b-5d88d22c275b,erase,ERASER,QGraphicsEllipseItem,,,,move
2026-01-15T16:04:10.231689,b19f2d0d-5a78-4f8f-b41b-5d88d22c275b,erase,ERASER,QGraphicsEllipseItem,,,,move
2026-01-15T16:04:10.620589,b19f2d0d-5a78-4f8f-b41b-5d88d22c275b,erase,ERASER,QGraphicsEllipseItem,,,,move
2026-01-15T16:29:58.120273,40bf1613-378f-4852-889a-fbd7e0076520,stroke_color_change,,,,#43a047,,
2026-01-15T16:29:58.555496,40bf1613-378f-4852-889a-fbd7e0076520,select_press,SELECT,None,,,,
2026-01-15T16:29:59.443340,40bf1613-378f-4852-889a-fbd7e0076520,item_moved,SELECT,,,,,
2026-01-15T16:30:00.543588,40bf1613-378f-4852-889a-fbd7e0076520,tool_change,RECT,,,,,
2026-01-15T16:30:00.707784,40bf1613-378f-4852-889a-fbd7e0076520,rect_start,RECT,,,,,
2026-01-15T16:30:01.056180,40bf1613-378f-4852-889a-fbd7e0076520,rect_end,RECT,QGraphicsRectItem,,,,"x=311.0,y=156.0,w=254.0,h=213.0"
2026-01-16T14:49:52.910040,12e7b1a1-2631-42e0-92e2-94a489e79a2b,stroke_color_change,,,,#e53935,,
2026-01-16T14:49:53.324305,12e7b1a1-2631-42e0-92e2-94a489e79a2b,select_press,SELECT,None,,,,
2026-01-16T14:49:55.481159,12e7b1a1-2631-42e0-92e2-94a489e79a2b,item_moved,SELECT,,,,,
2026-01-16T14:50:05.424946,12e7b1a1-2631-42e0-92e2-94a489e79a2b,tool_change,RECT,,,,,
2026-01-16T14:50:08.389335,12e7b1a1-2631-42e0-92e2-94a489e79a2b,rect_start,RECT,,,,,
2026-01-16T14:50:09.176010,12e7b1a1-2631-42e0-92e2-94a489e79a2b,rect_end,RECT,QGraphicsRectItem,,,,"x=315.0,y=117.0,w=191.0,h=183.0"
2026-01-16T14:50:19.569886,12e7b1a1-2631-42e0-92e2-94a489e79a2b,tool_change,SELECT,,,,,
2026-01-16T14:50:19.950994,12e7b1a1-2631-42e0-92e2-94a489e79a2b,select_press,SELECT,None,,,,
2026-01-16T14:50:20.145787,12e7b1a1-2631-42e0-92e2-94a489e79a2b,item_moved,SELECT,,,,,
2026-01-16T14:50:20.337411,12e7b1a1-2631-42e0-92e2-94a489e79a2b,select_press,SELECT,QGraphicsRectItem,,,,
2026-01-16T14:50:21.275403,12e7b1a1-2631-42e0-92e2-94a489e79a2b,item_moved,SELECT,,,,,
2026-01-16T14:50:22.283817,12e7b1a1-2631-42e0-92e2-94a489e79a2b,select_press,SELECT,None,,,,
2026-01-16T14:50:23.191732,12e7b1a1-2631-42e0-92e2-94a489e79a2b,stroke_color_change,,,,#43a047,,
2026-01-16T14:50:24.016967,12e7b1a1-2631-42e0-92e2-94a489e79a2b,select_press,SELECT,QGraphicsRectItem,,,,
2026-01-16T14:50:24.729609,12e7b1a1-2631-42e0-92e2-94a489e79a2b,item_moved,SELECT,,,,,
2026-01-16T14:50:25.039857,12e7b1a1-2631-42e0-92e2-94a489e79a2b,select_press,SELECT,None,,,,
2026-01-16T14:50:26.573894,12e7b1a1-2631-42e0-92e2-94a489e79a2b,tool_change,RECT,,,,,
2026-01-16T14:50:27.292872,12e7b1a1-2631-42e0-92e2-94a489e79a2b,rect_start,RECT,,,,,
2026-01-16T14:50:29.037988,12e7b1a1-2631-42e0-92e2-94a489e79a2b,rect_end,RECT,QGraphicsRectItem,,,,"x=433.0,y=177.0,w=203.0,h=195.0"
2026-01-16T14:50:32.970727,12e7b1a1-2631-42e0-92e2-94a489e79a2b,tool_change,ELLIPSE,,,,,
2026-01-16T14:50:35.512815,12e7b1a1-2631-42e0-92e2-94a489e79a2b,stroke_color_change,,,,#8e24aa,,
2026-01-16T14:50:36.366612,12e7b1a1-2631-42e0-92e2-94a489e79a2b,ellipse_start,ELLIPSE,,,,,
2026-01-16T14:50:37.827934,12e7b1a1-2631-42e0-92e2-94a489e79a2b,ellipse_end,ELLIPSE,QGraphicsEllipseItem,,,,"x=450.0,y=189.0,w=60.0,h=74.0"
2026-01-16T14:50:40.848342,12e7b1a1-2631-42e0-92e2-94a489e79a2b,fill_color_change,,,,,#bbdefb,
2026-01-16T14:50:42.822109,12e7b1a1-2631-42e0-92e2-94a489e79a2b,stroke_color_change,,,,#fb8c00,,
2026-01-16T14:50:46.136374,12e7b1a1-2631-42e0-92e2-94a489e79a2b,ellipse_start,ELLIPSE,,,,,
2026-01-16T14:50:49.040697,12e7b1a1-2631-42e0-92e2-94a489e79a2b,ellipse_end,ELLIPSE,QGraphicsEllipseItem,,,,"x=300.0,y=74.0,w=12.0,h=51.0"
2026-01-16T14:50:57.825830,12e7b1a1-2631-42e0-92e2-94a489e79a2b,fill_color_change,,,,,none,
2026-01-16T14:50:58.785896,12e7b1a1-2631-42e0-92e2-94a489e79a2b,ellipse_start,ELLIPSE,,,,,
2026-01-16T14:51:01.629244,12e7b1a1-2631-42e0-92e2-94a489e79a2b,ellipse_end,ELLIPSE,QGraphicsEllipseItem,,,,"x=313.0,y=79.0,w=407.0,h=350.0"
2026-01-16T14:51:05.114738,12e7b1a1-2631-42e0-92e2-94a489e79a2b,tool_change,SELECT,,,,,
2026-01-16T14:51:05.947629,12e7b1a1-2631-42e0-92e2-94a489e79a2b,select_press,SELECT,None,,,,
2026-01-16T14:51:06.653989,12e7b1a1-2631-42e0-92e2-94a489e79a2b,select_press,SELECT,QGraphicsEllipseItem,,,,
2026-01-16T14:51:07.411614,12e7b1a1-2631-42e0-92e2-94a489e79a2b,select_press,SELECT,None,,,,
2026-01-16T14:51:07.785637,12e7b1a1-2631-42e0-92e2-94a489e79a2b,item_moved,SELECT,,,,,
2026-01-16T14:51:08.349425,12e7b1a1-2631-42e0-92e2-94a489e79a2b,select_press,SELECT,None,,,,
2026-01-16T14:51:10.300757,12e7b1a1-2631-42e0-92e2-94a489e79a2b,item_moved,SELECT,,,,,
2026-01-16T14:51:11.251606,12e7b1a1-2631-42e0-92e2-94a489e79a2b,select_press,SELECT,None,,,,
2026-01-16T14:51:11.779813,12e7b1a1-2631-42e0-92e2-94a489e79a2b,item_moved,SELECT,,,,,
2026-01-16T14:51:12.161022,12e7b1a1-2631-42e0-92e2-94a489e79a2b,select_press,SELECT,QGraphicsEllipseItem,,,,
2026-01-16T14:51:12.347417,12e7b1a1-2631-42e0-92e2-94a489e79a2b,item_moved,SELECT,,,,,
2026-01-16T14:51:12.717448,12e7b1a1-2631-42e0-92e2-94a489e79a2b,select_press,SELECT,QGraphicsEllipseItem,,,,
2026-01-16T14:51:14.700645,12e7b1a1-2631-42e0-92e2-94a489e79a2b,item_moved,SELECT,,,,,
2026-01-16T14:51:14.994727,12e7b1a1-2631-42e0-92e2-94a489e79a2b,select_press,SELECT,None,,,,
2026-01-16T16:18:50.982262,2463dd7d-5034-4786-8165-647b32b63b7d,tool_change,RECT,,,,,
2026-01-16T16:18:52.149065,2463dd7d-5034-4786-8165-647b32b63b7d,fill_color_change,,,,,#eeeeee,
2026-01-16T16:18:52.736959,2463dd7d-5034-4786-8165-647b32b63b7d,rect_start,RECT,,,,,
2026-01-16T16:18:53.570594,2463dd7d-5034-4786-8165-647b32b63b7d,rect_end,RECT,QGraphicsRectItem,,,,"x=478.0,y=198.0,w=151.0,h=281.0"
2026-01-16T16:20:20.535805,077d6df7-05f9-4c86-8eae-f0deb7781f92,fill_color_change,,,,,#eeeeee,
2026-01-16T16:20:21.183964,077d6df7-05f9-4c86-8eae-f0deb7781f92,select_press,SELECT,None,,,,
2026-01-16T16:20:22.521785,077d6df7-05f9-4c86-8eae-f0deb7781f92,item_moved,SELECT,,,,,
2026-01-16T16:20:24.414417,077d6df7-05f9-4c86-8eae-f0deb7781f92,tool_change,RECT,,,,,
2026-01-16T16:20:25.923327,077d6df7-05f9-4c86-8eae-f0deb7781f92,rect_start,RECT,,,,,
2026-01-16T16:20:26.791531,077d6df7-05f9-4c86-8eae-f0deb7781f92,rect_end,RECT,QGraphicsRectItem,,,,"x=403.0,y=201.0,w=140.0,h=260.0"
2026-01-16T16:20:28.230251,077d6df7-05f9-4c86-8eae-f0deb7781f92,stroke_color_change,,,,#e53935,,
2026-01-16T16:20:30.111569,077d6df7-05f9-4c86-8eae-f0deb7781f92,tool_change,LINE,,,,,
2026-01-16T16:20:31.430476,077d6df7-05f9-4c86-8eae-f0deb7781f92,line_start,LINE,,,,,
2026-01-16T16:20:34.678510,077d6df7-05f9-4c86-8eae-f0deb7781f92,line_end,LINE,QGraphicsLineItem,,,,"(359.0,201.0)->(574.0,201.0)"
2026-01-16T16:20:35.927346,077d6df7-05f9-4c86-8eae-f0deb7781f92,line_start,LINE,,,,,
2026-01-16T16:20:38.034507,077d6df7-05f9-4c86-8eae-f0deb7781f92,line_end,LINE,QGraphicsLineItem,,,,"(360.0,202.0)->(474.0,109.0)"
2026-01-16T16:20:38.904427,077d6df7-05f9-4c86-8eae-f0deb7781f92,line_start,LINE,,,,,
2026-01-16T16:20:41.734469,077d6df7-05f9-4c86-8eae-f0deb7781f92,line_end,LINE,QGraphicsLineItem,,,,"(474.0,110.0)->(574.0,198.0)"
2026-01-16T16:24:56.366724,077d6df7-05f9-4c86-8eae-f0deb7781f92,tool_change,ELLIPSE,,,,,
2026-01-16T16:24:57.051478,077d6df7-05f9-4c86-8eae-f0deb7781f92,ellipse_start,ELLIPSE,,,,,
2026-01-16T16:24:59.275477,077d6df7-05f9-4c86-8eae-f0deb7781f92,ellipse_end,ELLIPSE,QGraphicsEllipseItem,,,,"x=742.0,y=175.0,w=144.0,h=137.0"
2026-01-16T16:25:04.339322,077d6df7-05f9-4c86-8eae-f0deb7781f92,tool_change,LINE,,,,,
2026-01-16T16:25:05.198196,077d6df7-05f9-4c86-8eae-f0deb7781f92,line_start,LINE,,,,,
2026-01-16T16:25:06.631533,077d6df7-05f9-4c86-8eae-f0deb7781f92,line_end,LINE,QGraphicsLineItem,,,,"(756.0,199.0)->(770.0,135.0)"
2026-01-16T16:25:07.511287,077d6df7-05f9-4c86-8eae-f0deb7781f92,line_start,LINE,,,,,
2026-01-16T16:25:08.486437,077d6df7-05f9-4c86-8eae-f0deb7781f92,line_end,LINE,QGraphicsLineItem,,,,"(769.0,135.0)->(794.0,177.0)"
2026-01-16T16:25:09.259304,077d6df7-05f9-4c86-8eae-f0deb7781f92,line_start,LINE,,,,,
2026-01-16T16:25:10.051445,077d6df7-05f9-4c86-8eae-f0deb7781f92,line_end,LINE,QGraphicsLineItem,,,,"(847.0,179.0)->(864.0,133.0)"
2026-01-16T16:25:11.149116,077d6df7-05f9-4c86-8eae-f0deb7781f92,line_start,LINE,,,,,
2026-01-16T16:25:12.610483,077d6df7-05f9-4c86-8eae-f0deb7781f92,line_end,LINE,QGraphicsLineItem,,,,"(866.0,135.0)->(876.0,205.0)"
2026-01-16T16:33:43.913159,077d6df7-05f9-4c86-8eae-f0deb7781f92,tool_change,ELLIPSE,,,,,
2026-01-16T16:33:50.179403,077d6df7-05f9-4c86-8eae-f0deb7781f92,ellipse_start,ELLIPSE,,,,,
2026-01-16T16:33:51.988495,077d6df7-05f9-4c86-8eae-f0deb7781f92,ellipse_end,ELLIPSE,QGraphicsEllipseItem,,,,"x=878.0,y=283.0,w=273.0,h=153.0"
2026-01-16T16:33:53.651367,077d6df7-05f9-4c86-8eae-f0deb7781f92,tool_change,SELECT,,,,,
2026-01-16T16:33:54.121674,077d6df7-05f9-4c86-8eae-f0deb7781f92,select_press,SELECT,None,,,,
2026-01-16T16:33:54.441256,077d6df7-05f9-4c86-8eae-f0deb7781f92,item_moved,SELECT,,,,,
2026-01-16T16:33:54.633618,077d6df7-05f9-4c86-8eae-f0deb7781f92,select_press,SELECT,QGraphicsEllipseItem,,,,
2026-01-16T16:33:56.248326,077d6df7-05f9-4c86-8eae-f0deb7781f92,item_moved,SELECT,,,,,
2026-01-16T16:33:56.476544,077d6df7-05f9-4c86-8eae-f0deb7781f92,select_press,SELECT,None,,,,
2026-01-16T16:33:59.299176,077d6df7-05f9-4c86-8eae-f0deb7781f92,tool_change,PEN,,,,,
2026-01-16T16:34:00.634460,077d6df7-05f9-4c86-8eae-f0deb7781f92,stroke_color_change,,,,#000000,,
2026-01-16T16:34:01.942543,077d6df7-05f9-4c86-8eae-f0deb7781f92,stroke_color_change,,,,#e53935,,
2026-01-16T16:34:02.706376,077d6df7-05f9-4c86-8eae-f0deb7781f92,pen_start,PEN,,,,,
2026-01-16T16:34:03.649019,077d6df7-05f9-4c86-8eae-f0deb7781f92,pen_end,PEN,QGraphicsPathItem,270,,,
2026-01-16T16:34:05.104067,077d6df7-05f9-4c86-8eae-f0deb7781f92,pen_start,PEN,,,,,
2026-01-16T16:34:05.487618,077d6df7-05f9-4c86-8eae-f0deb7781f92,pen_end,PEN,QGraphicsPathItem,100,,,
2026-01-16T16:34:06.195184,077d6df7-05f9-4c86-8eae-f0deb7781f92,pen_start,PEN,,,,,
2026-01-16T16:34:06.572269,077d6df7-05f9-4c86-8eae-f0deb7781f92,pen_end,PEN,QGraphicsPathItem,74,,,
2026-01-16T16:34:07.353415,077d6df7-05f9-4c86-8eae-f0deb7781f92,pen_start,PEN,,,,,
2026-01-16T16:34:07.839925,077d6df7-05f9-4c86-8eae-f0deb7781f92,pen_end,PEN,QGraphicsPathItem,113,,,
2026-01-16T16:34:08.463193,077d6df7-05f9-4c86-8eae-f0deb7781f92,pen_start,PEN,,,,,
2026-01-16T16:34:08.977310,077d6df7-05f9-4c86-8eae-f0deb7781f92,pen_end,PEN,QGraphicsPathItem,90,,,
2026-01-16T16:34:15.313214,077d6df7-05f9-4c86-8eae-f0deb7781f92,tool_change,ELLIPSE,,,,,
2026-01-16T16:34:18.247489,077d6df7-05f9-4c86-8eae-f0deb7781f92,fill_color_change,,,,,#eeeeee,
2026-01-16T16:34:19.713409,077d6df7-05f9-4c86-8eae-f0deb7781f92,fill_color_change,,,,,none,
2026-01-16T16:34:20.697181,077d6df7-05f9-4c86-8eae-f0deb7781f92,ellipse_start,ELLIPSE,,,,,
2026-01-16T16:34:21.779158,077d6df7-05f9-4c86-8eae-f0deb7781f92,ellipse_end,ELLIPSE,QGraphicsEllipseItem,,,,"x=774.0,y=214.0,w=13.0,h=12.0"
2026-01-16T16:34:22.744251,077d6df7-05f9-4c86-8eae-f0deb7781f92,ellipse_start,ELLIPSE,,,,,
2026-01-16T16:34:23.920342,077d6df7-05f9-4c86-8eae-f0deb7781f92,ellipse_end,ELLIPSE,QGraphicsEllipseItem,,,,"x=829.0,y=216.0,w=12.0,h=11.0"
2026-01-16T16:34:27.446294,077d6df7-05f9-4c86-8eae-f0deb7781f92,ellipse_start,ELLIPSE,,,,,
2026-01-16T16:34:28.725387,077d6df7-05f9-4c86-8eae-f0deb7781f92,ellipse_end,ELLIPSE,QGraphicsEllipseItem,,,,"x=798.0,y=246.0,w=14.0,h=11.0"
2026-01-16T16:34:31.984908,077d6df7-05f9-4c86-8eae-f0deb7781f92,tool_change,PEN,,,,,
2026-01-16T16:34:32.781304,077d6df7-05f9-4c86-8eae-f0deb7781f92,pen_start,PEN,,,,,
2026-01-16T16:34:33.176272,077d6df7-05f9-4c86-8eae-f0deb7781f92,pen_end,PEN,QGraphicsPathItem,77,,,
2026-01-16T16:34:33.513205,077d6df7-05f9-4c86-8eae-f0deb7781f92,pen_start,PEN,,,,,
2026-01-16T16:34:33.850375,077d6df7-05f9-4c86-8eae-f0deb7781f92,pen_end,PEN,QGraphicsPathItem,67,,,
2026-01-16T16:34:34.125390,077d6df7-05f9-4c86-8eae-f0deb7781f92,pen_start,PEN,,,,,
2026-01-16T16:34:34.439189,077d6df7-05f9-4c86-8eae-f0deb7781f92,pen_end,PEN,QGraphicsPathItem,60,,,
2026-01-16T16:34:35.011213,077d6df7-05f9-4c86-8eae-f0deb7781f92,pen_start,PEN,,,,,
2026-01-16T16:34:35.268132,077d6df7-05f9-4c86-8eae-f0deb7781f92,pen_end,PEN,QGraphicsPathItem,74,,,
2026-01-16T16:34:35.838155,077d6df7-05f9-4c86-8eae-f0deb7781f92,pen_start,PEN,,,,,
2026-01-16T16:34:36.109326,077d6df7-05f9-4c86-8eae-f0deb7781f92,pen_end,PEN,QGraphicsPathItem,64,,,
2026-01-16T16:34:36.504989,077d6df7-05f9-4c86-8eae-f0deb7781f92,pen_start,PEN,,,,,
2026-01-16T16:34:36.784323,077d6df7-05f9-4c86-8eae-f0deb7781f92,pen_end,PEN,QGraphicsPathItem,66,,,
2026-01-16T16:35:46.718393,077d6df7-05f9-4c86-8eae-f0deb7781f92,tool_change,LINE,,,,,
2026-01-16T16:35:47.693345,077d6df7-05f9-4c86-8eae-f0deb7781f92,tool_change,LINE,,,,,
2026-01-16T16:35:50.986168,077d6df7-05f9-4c86-8eae-f0deb7781f92,tool_change,LINE,,,,,
2026-01-16T16:35:51.895595,077d6df7-05f9-4c86-8eae-f0deb7781f92,line_start,LINE,,,,,
2026-01-16T16:35:53.077790,077d6df7-05f9-4c86-8eae-f0deb7781f92,line_end,LINE,QGraphicsLineItem,,,,"(171.0,204.0)->(237.0,103.0)"
2026-01-16T16:35:53.851059,077d6df7-05f9-4c86-8eae-f0deb7781f92,line_start,LINE,,,,,
2026-01-16T16:35:55.735513,077d6df7-05f9-4c86-8eae-f0deb7781f92,line_end,LINE,QGraphicsLineItem,,,,"(236.0,104.0)->(363.0,105.0)"
2026-01-16T16:35:57.657181,077d6df7-05f9-4c86-8eae-f0deb7781f92,line_start,LINE,,,,,
2026-01-16T16:35:59.253327,077d6df7-05f9-4c86-8eae-f0deb7781f92,line_end,LINE,QGraphicsLineItem,,,,"(171.0,204.0)->(113.0,205.0)"
2026-01-16T16:36:02.212579,077d6df7-05f9-4c86-8eae-f0deb7781f92,stroke_color_change,,,,#000000,,
2026-01-16T16:36:04.591395,077d6df7-05f9-4c86-8eae-f0deb7781f92,tool_change,SELECT,,,,,
2026-01-16T16:36:04.861024,077d6df7-05f9-4c86-8eae-f0deb7781f92,select_press,SELECT,None,,,,
2026-01-16T16:36:05.209993,077d6df7-05f9-4c86-8eae-f0deb7781f92,item_moved,SELECT,,,,,
2026-01-16T16:36:05.494602,077d6df7-05f9-4c86-8eae-f0deb7781f92,select_press,SELECT,QGraphicsRectItem,,,,
2026-01-16T16:36:06.241940,077d6df7-05f9-4c86-8eae-f0deb7781f92,item_moved,SELECT,,,,,
2026-01-16T16:36:06.472092,077d6df7-05f9-4c86-8eae-f0deb7781f92,select_press,SELECT,None,,,,
2026-01-16T16:36:06.510692,077d6df7-05f9-4c86-8eae-f0deb7781f92,item_moved,SELECT,,,,,
2026-01-16T16:36:10.091303,077d6df7-05f9-4c86-8eae-f0deb7781f92,tool_change,LINE,,,,,
2026-01-16T16:36:10.773671,077d6df7-05f9-4c86-8eae-f0deb7781f92,line_start,LINE,,,,,
2026-01-16T16:36:11.345339,077d6df7-05f9-4c86-8eae-f0deb7781f92,line_end,LINE,QGraphicsLineItem,,,,"(450.0,346.0)->(499.0,270.0)"
2026-01-16T16:36:11.839554,077d6df7-05f9-4c86-8eae-f0deb7781f92,line_start,LINE,,,,,
2026-01-16T16:36:12.950478,077d6df7-05f9-4c86-8eae-f0deb7781f92,line_end,LINE,QGraphicsLineItem,,,,"(498.0,271.0)->(607.0,272.0)"
2026-01-16T16:36:13.440330,077d6df7-05f9-4c86-8eae-f0deb7781f92,line_start,LINE,,,,,
2026-01-16T16:36:14.292221,077d6df7-05f9-4c86-8eae-f0deb7781f92,line_end,LINE,QGraphicsLineItem,,,,"(605.0,271.0)->(651.0,343.0)"
2026-01-16T16:36:15.278634,077d6df7-05f9-4c86-8eae-f0deb7781f92,line_start,LINE,,,,,
2026-01-16T16:36:16.460474,077d6df7-05f9-4c86-8eae-f0deb7781f92,line_end,LINE,QGraphicsLineItem,,,,"(386.0,346.0)->(450.0,344.0)"
2026-01-16T16:36:17.254124,077d6df7-05f9-4c86-8eae-f0deb7781f92,line_start,LINE,,,,,
2026-01-16T16:36:17.879408,077d6df7-05f9-4c86-8eae-f0deb7781f92,line_end,LINE,QGraphicsLineItem,,,,"(384.0,347.0)->(384.0,393.0)"
2026-01-16T16:36:18.360284,077d6df7-05f9-4c86-8eae-f0deb7781f92,line_start,LINE,,,,,
2026-01-16T16:36:21.267754,077d6df7-05f9-4c86-8eae-f0deb7781f92,line_end,LINE,QGraphicsLineItem,,,,"(385.0,394.0)->(710.0,391.0)"
2026-01-16T16:36:22.319588,077d6df7-05f9-4c86-8eae-f0deb7781f92,line_start,LINE,,,,,
2026-01-16T16:36:23.804498,077d6df7-05f9-4c86-8eae-f0deb7781f92,line_end,LINE,QGraphicsLineItem,,,,"(649.0,339.0)->(708.0,338.0)"
2026-01-16T16:36:24.943650,077d6df7-05f9-4c86-8eae-f0deb7781f92,line_start,LINE,,,,,
2026-01-16T16:36:27.388495,077d6df7-05f9-4c86-8eae-f0deb7781f92,line_end,LINE,QGraphicsLineItem,,,,"(708.0,338.0)->(709.0,390.0)"
2026-01-16T16:36:31.155445,077d6df7-05f9-4c86-8eae-f0deb7781f92,tool_change,ELLIPSE,,,,,
2026-01-16T16:36:34.397562,077d6df7-05f9-4c86-8eae-f0deb7781f92,fill_color_change,,,,,#eeeeee,
2026-01-16T16:36:36.276947,077d6df7-05f9-4c86-8eae-f0deb7781f92,fill_color_change,,,,,none,
2026-01-16T16:36:37.171643,077d6df7-05f9-4c86-8eae-f0deb7781f92,ellipse_start,ELLIPSE,,,,,
2026-01-16T16:36:38.227551,077d6df7-05f9-4c86-8eae-f0deb7781f92,ellipse_end,ELLIPSE,QGraphicsEllipseItem,,,,"x=450.0,y=382.0,w=49.0,h=49.0"
2026-01-16T16:36:38.995395,077d6df7-05f9-4c86-8eae-f0deb7781f92,ellipse_start,ELLIPSE,,,,,
2026-01-16T16:36:40.309524,077d6df7-05f9-4c86-8eae-f0deb7781f92,ellipse_end,ELLIPSE,QGraphicsEllipseItem,,,,"x=584.0,y=382.0,w=64.0,h=48.0"
2026-01-16T17:56:35.942887,030fa6b9-eb93-46c0-8fd4-77296d102af0,invoke_help,ASSISTANT,,,,,
2026-01-16T17:56:35.943464,030fa6b9-eb93-46c0-8fd4-77296d102af0,ai_output,,,,,,none
2026-01-16T17:56:56.782910,030fa6b9-eb93-46c0-8fd4-77296d102af0,tool_change,SELECT,,,,,
2026-01-16T17:56:57.042069,030fa6b9-eb93-46c0-8fd4-77296d102af0,select_press,SELECT,None,,,,
2026-01-16T17:56:57.368131,030fa6b9-eb93-46c0-8fd4-77296d102af0,item_moved,SELECT,,,,,
2026-01-16T17:56:58.544809,030fa6b9-eb93-46c0-8fd4-77296d102af0,select_press,SELECT,None,,,,
2026-01-16T17:56:58.916317,030fa6b9-eb93-46c0-8fd4-77296d102af0,item_moved,SELECT,,,,,
2026-01-16T17:57:06.479277,030fa6b9-eb93-46c0-8fd4-77296d102af0,tool_change,ELLIPSE,,,,,
2026-01-16T17:57:06.861345,030fa6b9-eb93-46c0-8fd4-77296d102af0,ellipse_start,ELLIPSE,,,,,
2026-01-16T17:57:08.154584,030fa6b9-eb93-46c0-8fd4-77296d102af0,ellipse_end,ELLIPSE,QGraphicsEllipseItem,,,,"x=248.0,y=134.0,w=144.0,h=126.0"
2026-01-16T17:57:10.781596,030fa6b9-eb93-46c0-8fd4-77296d102af0,invoke_help,ASSISTANT,,,,,
2026-01-16T17:57:10.782082,030fa6b9-eb93-46c0-8fd4-77296d102af0,ai_output,,,,,,shown
2026-01-16T17:57:16.351505,030fa6b9-eb93-46c0-8fd4-77296d102af0,user_action,ASSISTANT,,,,,accept
2026-01-16T17:57:16.362456,030fa6b9-eb93-46c0-8fd4-77296d102af0,assistant_apply,,,,,,n_items=2
2026-01-16T17:58:12.271599,030fa6b9-eb93-46c0-8fd4-77296d102af0,assistant_auto_toggle,,,,,,True
2026-01-16T17:58:14.835008,030fa6b9-eb93-46c0-8fd4-77296d102af0,tool_change,ELLIPSE,,,,,
2026-01-16T17:58:15.271078,030fa6b9-eb93-46c0-8fd4-77296d102af0,ellipse_start,ELLIPSE,,,,,
2026-01-16T17:58:16.130975,030fa6b9-eb93-46c0-8fd4-77296d102af0,ellipse_end,ELLIPSE,QGraphicsEllipseItem,,,,"x=734.0,y=221.0,w=153.0,h=160.0"
2026-01-16T17:58:16.131634,030fa6b9-eb93-46c0-8fd4-77296d102af0,ai_output,,,,,,shown
2026-01-16T17:58:17.837689,030fa6b9-eb93-46c0-8fd4-77296d102af0,user_action,ASSISTANT,,,,,accept
2026-01-16T17:58:17.837947,030fa6b9-eb93-46c0-8fd4-77296d102af0,assistant_apply,,,,,,n_items=2
2026-01-16T17:59:43.548773,030fa6b9-eb93-46c0-8fd4-77296d102af0,assistant_auto_toggle,,,,,,False
2026-01-16T17:59:44.417737,030fa6b9-eb93-46c0-8fd4-77296d102af0,assistant_floating_toggle,,,,,,False
2026-01-16T17:59:48.457379,030fa6b9-eb93-46c0-8fd4-77296d102af0,assistant_floating_toggle,,,,,,True
2026-01-16T18:00:43.370324,030fa6b9-eb93-46c0-8fd4-77296d102af0,tool_change,PEN,,,,,
2026-01-16T18:00:43.767439,030fa6b9-eb93-46c0-8fd4-77296d102af0,pen_start,PEN,,,,,
2026-01-16T18:00:45.134165,030fa6b9-eb93-46c0-8fd4-77296d102af0,pen_end,PEN,QGraphicsPathItem,356,,,
2026-01-16T18:00:57.728108,030fa6b9-eb93-46c0-8fd4-77296d102af0,tool_change,ELLIPSE,,,,,
2026-01-16T18:00:58.735225,030fa6b9-eb93-46c0-8fd4-77296d102af0,ellipse_start,ELLIPSE,,,,,
2026-01-16T18:00:59.945250,030fa6b9-eb93-46c0-8fd4-77296d102af0,ellipse_end,ELLIPSE,QGraphicsEllipseItem,,,,"x=-62.0,y=404.0,w=197.0,h=188.0"
2026-01-16T18:01:22.986077,030fa6b9-eb93-46c0-8fd4-77296d102af0,tool_change,SELECT,,,,,
2026-01-16T18:01:23.335207,030fa6b9-eb93-46c0-8fd4-77296d102af0,select_press,SELECT,None,,,,
2026-01-16T18:01:23.862725,030fa6b9-eb93-46c0-8fd4-77296d102af0,item_moved,SELECT,,,,,
2026-01-16T18:01:25.486859,030fa6b9-eb93-46c0-8fd4-77296d102af0,tool_change,ERASER,,,,,
2026-01-16T18:01:26.668222,030fa6b9-eb93-46c0-8fd4-77296d102af0,erase,ERASER,QGraphicsEllipseItem,,,,
2026-01-16T18:01:26.911169,030fa6b9-eb93-46c0-8fd4-77296d102af0,erase,ERASER,QGraphicsPathItem,,,,move
2026-01-16T18:01:27.060731,030fa6b9-eb93-46c0-8fd4-77296d102af0,erase,ERASER,QGraphicsEllipseItem,,,,move
2026-01-16T18:01:27.428618,030fa6b9-eb93-46c0-8fd4-77296d102af0,erase,ERASER,QGraphicsEllipseItem,,,,move
2026-01-16T18:01:27.853575,030fa6b9-eb93-46c0-8fd4-77296d102af0,erase,ERASER,QGraphicsPolygonItem,,,,move
2026-01-16T18:01:28.052567,030fa6b9-eb93-46c0-8fd4-77296d102af0,erase,ERASER,QGraphicsPolygonItem,,,,move
2026-01-16T18:01:28.639537,030fa6b9-eb93-46c0-8fd4-77296d102af0,erase,ERASER,QGraphicsPolygonItem,,,,move
2026-01-16T18:01:28.674353,030fa6b9-eb93-46c0-8fd4-77296d102af0,erase,ERASER,QGraphicsPolygonItem,,,,move
2026-01-16T18:01:46.417553,030fa6b9-eb93-46c0-8fd4-77296d102af0,assistant_floating_toggle,,,,,,False
2026-01-16T18:01:50.361656,030fa6b9-eb93-46c0-8fd4-77296d102af0,assistant_floating_toggle,,,,,,True
2026-01-16T18:01:52.537087,030fa6b9-eb93-46c0-8fd4-77296d102af0,assistant_floating_toggle,,,,,,False
2026-01-16T18:02:17.687656,030fa6b9-eb93-46c0-8fd4-77296d102af0,assistant_auto_toggle,,,,,,True
2026-01-16T18:02:20.957238,030fa6b9-eb93-46c0-8fd4-77296d102af0,tool_change,ELLIPSE,,,,,
2026-01-16T18:02:22.630267,030fa6b9-eb93-46c0-8fd4-77296d102af0,ellipse_start,ELLIPSE,,,,,
2026-01-16T18:02:24.335378,030fa6b9-eb93-46c0-8fd4-77296d102af0,ellipse_end,ELLIPSE,QGraphicsEllipseItem,,,,"x=278.0,y=149.0,w=151.0,h=143.0"
2026-01-16T18:02:24.336045,030fa6b9-eb93-46c0-8fd4-77296d102af0,ai_output,,,,,,shown
2026-01-16T18:02:31.485522,030fa6b9-eb93-46c0-8fd4-77296d102af0,user_action,ASSISTANT,,,,,accept
2026-01-16T18:02:31.486460,030fa6b9-eb93-46c0-8fd4-77296d102af0,assistant_apply,,,,,,n_items=2
2026-01-17T10:19:55.128128,0a05f36e-89c2-48bf-8060-bffb33b1171b,tool_change,ELLIPSE,,,,,
2026-01-17T10:19:55.284509,0a05f36e-89c2-48bf-8060-bffb33b1171b,ellipse_start,ELLIPSE,,,,,
2026-01-17T10:19:55.633765,0a05f36e-89c2-48bf-8060-bffb33b1171b,ellipse_end,ELLIPSE,QGraphicsEllipseItem,,,,"x=229.0,y=77.0,w=151.0,h=171.0"
2026-01-17T10:19:56.704142,0a05f36e-89c2-48bf-8060-bffb33b1171b,invoke_help,ASSISTANT,,,,,
2026-01-17T10:19:56.704636,0a05f36e-89c2-48bf-8060-bffb33b1171b,ai_output,,,,,,shown
2026-01-17T10:19:58.452768,0a05f36e-89c2-48bf-8060-bffb33b1171b,user_action,ASSISTANT,,,,,accept
2026-01-17T10:19:58.463137,0a05f36e-89c2-48bf-8060-bffb33b1171b,assistant_apply,,,,,,n_items=2
2026-01-17T10:19:59.966824,0a05f36e-89c2-48bf-8060-bffb33b1171b,stroke_color_change,,,,#e53935,,
2026-01-17T10:20:01.426959,0a05f36e-89c2-48bf-8060-bffb33b1171b,ellipse_start,ELLIPSE,,,,,
2026-01-17T10:20:02.853298,0a05f36e-89c2-48bf-8060-bffb33b1171b,ellipse_end,ELLIPSE,QGraphicsEllipseItem,,,,"x=584.0,y=132.0,w=154.0,h=153.0"
2026-01-17T10:20:04.108143,0a05f36e-89c2-48bf-8060-bffb33b1171b,invoke_help,ASSISTANT,,,,,
2026-01-17T10:20:04.108590,0a05f36e-89c2-48bf-8060-bffb33b1171b,ai_output,,,,,,shown
2026-01-17T10:20:05.804663,0a05f36e-89c2-48bf-8060-bffb33b1171b,user_action,ASSISTANT,,,,,accept
2026-01-17T10:20:05.805015,0a05f36e-89c2-48bf-8060-bffb33b1171b,assistant_apply,,,,,,n_items=2
2026-01-17T10:20:13.178025,0a05f36e-89c2-48bf-8060-bffb33b1171b,tool_change,SELECT,,,,,
2026-01-17T10:20:13.515908,0a05f36e-89c2-48bf-8060-bffb33b1171b,select_press,SELECT,None,,,,
2026-01-17T10:20:13.971638,0a05f36e-89c2-48bf-8060-bffb33b1171b,item_moved,SELECT,,,,,
2026-01-17T10:20:14.276855,0a05f36e-89c2-48bf-8060-bffb33b1171b,select_press,SELECT,QGraphicsEllipseItem,,,,
2026-01-17T10:20:14.503371,0a05f36e-89c2-48bf-8060-bffb33b1171b,item_moved,SELECT,,,,,
2026-01-17T10:20:14.865722,0a05f36e-89c2-48bf-8060-bffb33b1171b,select_press,SELECT,None,,,,
2026-01-17T10:20:14.927095,0a05f36e-89c2-48bf-8060-bffb33b1171b,item_moved,SELECT,,,,,
2026-01-17T10:20:15.118966,0a05f36e-89c2-48bf-8060-bffb33b1171b,select_press,SELECT,None,,,,
2026-01-17T10:20:15.400083,0a05f36e-89c2-48bf-8060-bffb33b1171b,item_moved,SELECT,,,,,
2026-01-17T10:20:15.620671,0a05f36e-89c2-48bf-8060-bffb33b1171b,select_press,SELECT,QGraphicsEllipseItem,,,,
2026-01-17T10:20:15.834442,0a05f36e-89c2-48bf-8060-bffb33b1171b,item_moved,SELECT,,,,,
2026-01-17T10:20:16.471134,0a05f36e-89c2-48bf-8060-bffb33b1171b,select_press,SELECT,None,,,,
2026-01-17T10:27:41.949939,1c916245-6bbf-4c5f-89f1-de7e1d91a778,invoke_help,ASSISTANT,,,,,
2026-01-17T10:27:41.950349,1c916245-6bbf-4c5f-89f1-de7e1d91a778,ai_output,,,,,,none
2026-01-17T10:47:24.987629,a9bdacaf-11a2-4682-a24a-83cbc46bb814,invoke_help,ASSISTANT,,,,,
2026-01-17T10:47:24.987804,a9bdacaf-11a2-4682-a24a-83cbc46bb814,ai_output,,,,,,none
